corpus,project,symbol,kind,predicted_color,predicted_reason,actual_status,root_blocker
cpp-realworld,extern-plugin,Channel,record,green,admissible,ported,
cpp-realworld,extern-plugin,ns_filter_boxcar,function,green,admissible,ported,
cpp-realworld,extern-plugin,ns_filter_clamp,function,green,admissible,ported,
cpp-realworld,extern-plugin,ns_platform_fault,function,green,admissible,declared,
cpp-realworld,extern-plugin,ns_platform_millis,function,green,admissible,declared,
cpp-realworld,extern-plugin,ns_platform_read_raw,function,green,admissible,declared,
cpp-realworld,extern-plugin,ns_sampler_burst,function,green,admissible,ported,
cpp-realworld,extern-plugin,ns_sampler_open,function,green,admissible,ported,
cpp-realworld,extern-plugin,ns_sampler_sample,function,green,admissible,ported,
cpp-realworld,extern-plugin,tu0_ns_filter_taps,function,green,admissible,ported,
cpp-realworld,fixed-stats,Accum,record,green,admissible,ported,
cpp-realworld,fixed-stats,c_main,function,green,admissible,ported,
cpp-realworld,fixed-stats,ns_fixed_div_count,function,green,admissible,ported,
cpp-realworld,fixed-stats,ns_fixed_from_int,function,green,admissible,ported,
cpp-realworld,fixed-stats,ns_fixed_mul,function,green,admissible,ported,
cpp-realworld,fixed-stats,ns_fixed_to_int_round,function,green,admissible,ported,
cpp-realworld,fixed-stats,ns_stats_mean,function,green,admissible,ported,
cpp-realworld,fixed-stats,ns_stats_push,function,green,admissible,ported,
cpp-realworld,fixed-stats,ns_stats_reset,function,green,admissible,ported,
cpp-realworld,fixed-stats,ns_stats_spread,function,green,admissible,ported,
cpp-realworld,fixed-stats,scaled_reading,function,green,admissible,ported,
cpp-realworld,polygon,Point,record,green,admissible,ported,
cpp-realworld,polygon,bounding_box,function,green,admissible,stubbed,unsupported-stmt:CXXForRangeStmt
cpp-realworld,polygon,c_main,function,green,admissible,stubbed,unsupported-expr:InitListExpr
cpp-realworld,polygon,count_strictly_inside,function,green,admissible,stubbed,unsupported-stmt:CXXForRangeStmt
cpp-realworld,polygon,perimeter_manhattan,function,green,admissible,ported,
cpp-realworld,polygon,shoelace_twice,function,green,admissible,ported,
cpp-realworld,polygon,translate,function,green,admissible,stubbed,unsupported-stmt:CXXForRangeStmt
cpp-realworld,polygon,tu0_abs_int,function,green,admissible,ported,
cpp-realworld,ringbuf-lib,Ring,record,green,admissible,ported,
cpp-realworld,ringbuf-lib,ns_checksum_fold,function,green,admissible,ported,
cpp-realworld,ringbuf-lib,ns_checksum_of_ring,function,green,admissible,ported,
cpp-realworld,ringbuf-lib,ns_frame_encode,function,green,admissible,ported,
cpp-realworld,ringbuf-lib,ns_frame_is_full,function,green,admissible,ported,
cpp-realworld,ringbuf-lib,ns_ring_capacity,function,green,admissible,ported,
cpp-realworld,ringbuf-lib,ns_ring_push,function,green,admissible,ported,
cpp-realworld,ringbuf-lib,ns_ring_recent,function,green,admissible,ported,
cpp-realworld,ringbuf-lib,ns_ring_reset,function,green,admissible,ported,
cpp-realworld,ringbuf-lib,ns_ring_size,function,green,admissible,ported,
cpp-realworld,ringbuf-lib,ns_ring_sum,function,green,admissible,ported,
cpp-realworld,ringbuf-lib,tu0_ns_checksum_scramble,function,green,admissible,ported,
cpp-realworld,shapes,Circle,record,red,inadmissible,dropped,base-class
cpp-realworld,shapes,Rect,record,red,inadmissible,dropped,base-class
cpp-realworld,shapes,RightTriangle,record,red,inadmissible,dropped,base-class
cpp-realworld,shapes,Shape,record,red,inadmissible,dropped,destructor
cpp-realworld,shapes,c_main,function,red,red-type,stubbed,base-class
cpp-realworld,shapes,report,function,red,red-type,dropped,destructor
cpp-realworld,shapes,tu2_isqrt,function,green,admissible,ported,
cpp-realworld,tokenizer,Histogram,record,green,admissible,ported,
cpp-realworld,tokenizer,Lexer,record,green,admissible,ported,
cpp-realworld,tokenizer,TokenKind,enum,green,admissible,ported,
cpp-realworld,tokenizer,c_main,function,green,admissible,ported,
cpp-realworld,tokenizer,tu1_classify,function,green,admissible,ported,
c-realworld,argv-echo,c_main,function,green,admissible,dropped,argv
c-realworld,base64,c_main,function,green,admissible,ported,
c-realworld,binary-tree,Tree,record,green,admissible,ported,
c-realworld,binary-tree,c_main,function,green,admissible,stubbed,pointer-local-nonaddress
c-realworld,binary-tree,tu0_inorder,function,green,admissible,stubbed,self-ref-pointer-member
c-realworld,binary-tree,tu0_insert,function,green,admissible,missing,
c-realworld,calc,add,function,green,admissible,ported,
c-realworld,calc,c_main,function,green,admissible,ported,
c-realworld,calc,mul,function,green,admissible,ported,
c-realworld,calc,sub,function,green,admissible,ported,
c-realworld,crc32,c_main,function,green,admissible,ported,
c-realworld,crc32,tu0_crc32,function,green,admissible,ported,
c-realworld,expr-eval,c_main,function,green,admissible,stubbed,other
c-realworld,expr-eval,tu0_expr,function,green,admissible,stubbed,other
c-realworld,expr-eval,tu0_factor,function,green,admissible,stubbed,other
c-realworld,expr-eval,tu0_number,function,green,admissible,stubbed,other
c-realworld,expr-eval,tu0_p,global,green,admissible,missing,
c-realworld,expr-eval,tu0_term,function,green,admissible,stubbed,other
c-realworld,grep-lite,c_main,function,green,admissible,stubbed,strchr-result-bind
c-realworld,linked-list,Node,record,green,admissible,ported,
c-realworld,linked-list,c_main,function,green,admissible,ported,
c-realworld,logger,c_main,function,green,admissible,ported,
c-realworld,logger,log_msg,function,green,admissible,ported,
c-realworld,logger,tu0_count,global,green,admissible,ported,
c-realworld,malloc-stack,c_main,function,green,admissible,ported,
c-realworld,sieve,c_main,function,green,admissible,ported,
c-realworld,union-find,c_main,function,green,admissible,ported,
c-realworld,union-find,connected,function,green,admissible,missing,
c-realworld,union-find,uf_find,function,green,admissible,missing,
c-realworld,union-find,uf_node,record,green,admissible,ported,
c-realworld,union-find,uf_node_init,function,green,admissible,missing,
c-realworld,union-find,uf_union,function,green,admissible,missing,
c-realworld,word-count,c_main,function,green,admissible,ported,
endtoend,aggregate-init.c,P,record,green,admissible,ported,
endtoend,aggregate-init.c,WithArr,record,green,admissible,ported,
endtoend,aggregate-init.c,c_main,function,green,admissible,ported,
endtoend,aggregate-init.c,garr,global,green,admissible,ported,
endtoend,aggregate-init.c,gc,global,green,admissible,ported,
endtoend,aggregate-init.c,gd,global,green,admissible,ported,
endtoend,aggregate-init.c,gi,global,green,admissible,ported,
endtoend,aggregate-init.c,gl,global,green,admissible,ported,
endtoend,aggregate-init.c,gov,global,green,admissible,ported,
endtoend,aggregate-init.c,gp,global,green,admissible,ported,
endtoend,aggregate-init.c,gpartial,global,green,admissible,ported,
endtoend,aggregate-init.c,gu,global,green,admissible,ported,
endtoend,aggregate-init.c,gwa,global,green,admissible,ported,
endtoend,aggregate-init.c,next_seed,function,green,admissible,ported,
endtoend,aggregate-init.c,printf,function,green,admissible,declared,
endtoend,array-params.c,bump,function,green,admissible,ported,
endtoend,array-params.c,c_main,function,green,admissible,ported,
endtoend,array-params.c,doubles,function,green,admissible,ported,
endtoend,array-params.c,first,function,green,admissible,ported,
endtoend,array-params.c,head4,function,green,admissible,ported,
endtoend,array-params.c,pick,function,green,admissible,ported,
endtoend,array-params.c,printf,function,green,admissible,declared,
endtoend,array-params.c,sum,function,green,admissible,ported,
endtoend,array-params.c,vbump,function,green,admissible,ported,
endtoend,array-self-ref-member-chain.c,c_main,function,green,admissible,ported,
endtoend,array-self-ref-member-chain.c,find,function,green,admissible,missing,
endtoend,array-self-ref-member-chain.c,link_node,function,green,admissible,missing,
endtoend,array-self-ref-member-chain.c,node,record,green,admissible,ported,
endtoend,array-self-ref-member-chain.c,printf,function,green,admissible,declared,
endtoend,array-self-ref-member-chain.c,set_rank,function,green,admissible,missing,
endtoend,array-self-ref-member-cross-param.c,c_main,function,green,admissible,ported,
endtoend,array-self-ref-member-cross-param.c,find,function,green,admissible,missing,
endtoend,array-self-ref-member-cross-param.c,link_node,function,green,admissible,missing,
endtoend,array-self-ref-member-cross-param.c,node,record,green,admissible,ported,
endtoend,array-self-ref-member-cross-param.c,printf,function,green,admissible,declared,
endtoend,array-self-ref-member-cross-param.c,set_rank,function,green,admissible,missing,
endtoend,array-self-ref-member-cross-param.c,unite,function,green,admissible,missing,
endtoend,array-self-ref-member.c,c_main,function,green,admissible,ported,
endtoend,array-self-ref-member.c,check_node,function,green,admissible,missing,
endtoend,array-self-ref-member.c,link_node,function,green,admissible,missing,
endtoend,array-self-ref-member.c,node,record,green,admissible,ported,
endtoend,array-self-ref-member.c,printf,function,green,admissible,declared,
endtoend,arrays-multidim.c,c_main,function,green,admissible,ported,
endtoend,arrays-multidim.c,g,global,green,admissible,ported,
endtoend,arrays-multidim.c,printf,function,green,admissible,declared,
endtoend,bitfields-flags.c,c_main,function,green,admissible,ported,
endtoend,bitfields-flags.c,ctrl,record,green,admissible,ported,
endtoend,bitfields-flags.c,gear,enum,green,admissible,ported,
endtoend,bitfields-flags.c,printf,function,green,admissible,declared,
endtoend,bitfields-zeroextend.c,c_main,function,green,admissible,ported,
endtoend,bitfields-zeroextend.c,c_tree_code,enum,green,admissible,ported,
endtoend,bitfields-zeroextend.c,convert_like_real,function,green,admissible,ported,
endtoend,bitfields-zeroextend.c,cplus_tree_code,enum,green,admissible,ported,
endtoend,bitfields-zeroextend.c,matched,function,green,admissible,ported,
endtoend,bitfields-zeroextend.c,printf,function,green,admissible,declared,
endtoend,bitfields-zeroextend.c,tree_code,enum,green,admissible,ported,
endtoend,bitfields-zeroextend.c,tree_common,record,green,admissible,ported,
endtoend,bitfields-zeroextend.c,tree_node,record,green,admissible,ported,
endtoend,bitwise.c,c_main,function,green,admissible,ported,
endtoend,bitwise.c,complement,function,green,admissible,ported,
endtoend,bitwise.c,compound,function,green,admissible,ported,
endtoend,bitwise.c,narrow,function,green,admissible,ported,
endtoend,bitwise.c,ops,function,green,admissible,ported,
endtoend,bitwise.c,printf,function,green,admissible,declared,
endtoend,bitwise.c,shifts,function,green,admissible,ported,
endtoend,byte-region-walk.c,S,record,green,admissible,missing,
endtoend,byte-region-walk.c,T,record,green,admissible,missing,
endtoend,byte-region-walk.c,UV,record,green,admissible,missing,
endtoend,byte-region-walk.c,V,record,green,admissible,missing,
endtoend,byte-region-walk.c,W,record,green,admissible,missing,
endtoend,byte-region-walk.c,c_main,function,green,admissible,ported,
endtoend,byte-region-walk.c,gt,global,green,admissible,ported,
endtoend,byte-region-walk.c,guv,global,green,admissible,ported,
endtoend,byte-region-walk.c,gw,global,green,admissible,ported,
endtoend,byte-region-walk.c,print_,function,green,admissible,ported,
endtoend,byte-region-walk.c,walk_w,function,green,admissible,ported,
endtoend,char-constants.c,c_main,function,green,admissible,ported,
endtoend,char-constants.c,classify,function,green,admissible,ported,
endtoend,char-constants.c,printf,function,green,admissible,declared,
endtoend,char-constants.c,putchar,function,green,admissible,declared,
endtoend,char-constants.c,puts,function,green,admissible,declared,
endtoend,compound-literals.c,S,record,green,admissible,ported,
endtoend,compound-literals.c,T,record,green,admissible,ported,
endtoend,compound-literals.c,c_main,function,green,admissible,ported,
endtoend,compound-literals.c,printf,function,green,admissible,declared,
endtoend,compound-literals.c,tu0_first_two,function,green,admissible,ported,
endtoend,compound-literals.c,tu0_make,function,green,admissible,ported,
endtoend,compound-literals.c,tu0_sum,function,green,admissible,ported,
endtoend,compound-promote.c,c_main,function,green,admissible,ported,
endtoend,compound-promote.c,float_cases,function,green,admissible,ported,
endtoend,compound-promote.c,g_byte,global,green,admissible,ported,
endtoend,compound-promote.c,global_and_value_position,function,green,admissible,ported,
endtoend,compound-promote.c,int_with_long_long,function,green,admissible,ported,
endtoend,compound-promote.c,printf,function,green,admissible,declared,
endtoend,compound-promote.c,short_cases,function,green,admissible,ported,
endtoend,compound-promote.c,signed_char_cases,function,green,admissible,ported,
endtoend,compound-promote.c,unsigned_char_cases,function,green,admissible,ported,
endtoend,cpp-basics.cpp,Pair,record,green,admissible,ported,
endtoend,cpp-basics.cpp,Point,record,green,admissible,ported,
endtoend,cpp-basics.cpp,c_linked_add,function,green,admissible,ported,
endtoend,cpp-basics.cpp,c_main,function,green,admissible,ported,
endtoend,cpp-basics.cpp,is_even,function,green,admissible,ported,
endtoend,cpp-basics.cpp,ns_shapes_area,function,green,admissible,ported,
endtoend,cpp-basics.cpp,ns_shapes_base_offset,global,green,admissible,ported,
endtoend,cpp-basics.cpp,ns_shapes_ns_detail_adjust,function,green,admissible,ported,
endtoend,cpp-basics.cpp,printf,function,green,admissible,declared,
endtoend,cpp-method-chain.cpp,Chain,record,green,admissible,ported,
endtoend,cpp-method-chain.cpp,Runs,record,green,admissible,ported,
endtoend,cpp-method-chain.cpp,c_main,function,green,admissible,ported,
endtoend,cpp-method-chain.cpp,printf,function,green,admissible,declared,
endtoend,cpp-method-chains.cpp,Acc,record,green,admissible,ported,
endtoend,cpp-method-chains.cpp,c_main,function,green,admissible,ported,
endtoend,cpp-method-chains.cpp,printf,function,green,admissible,declared,
endtoend,cpp-methods-overload.cpp,Multi,record,green,admissible,ported,
endtoend,cpp-methods-overload.cpp,c_main,function,green,admissible,ported,
endtoend,cpp-methods-overload.cpp,printf,function,green,admissible,declared,
endtoend,cpp-methods.cpp,Adder,record,green,admissible,ported,
endtoend,cpp-methods.cpp,Counter,record,green,admissible,ported,
endtoend,cpp-methods.cpp,c_main,function,green,admissible,ported,
endtoend,cpp-methods.cpp,printf,function,green,admissible,declared,
endtoend,cpp-references.cpp,Acc,record,green,admissible,ported,
endtoend,cpp-references.cpp,Pair,record,green,admissible,ported,
endtoend,cpp-references.cpp,Point,record,green,admissible,ported,
endtoend,cpp-references.cpp,bump,function,green,admissible,ported,
endtoend,cpp-references.cpp,c_main,function,green,admissible,ported,
endtoend,cpp-references.cpp,manhattan,function,green,admissible,ported,
endtoend,cpp-references.cpp,printf,function,green,admissible,declared,
endtoend,cpp-references.cpp,shift,function,green,admissible,ported,
endtoend,cpp-references.cpp,shift_twice,function,green,admissible,ported,
endtoend,cpp-references.cpp,span,function,green,admissible,ported,
endtoend,cpp-references.cpp,swap_ints,function,green,admissible,ported,
endtoend,cpp-references.cpp,twice,function,green,admissible,ported,
endtoend,cpp-stl-combined.cpp,c_main,function,green,admissible,ported,
endtoend,cpp-stl-combined.cpp,printf,function,green,admissible,declared,
endtoend,cpp-stl-combined.cpp,summarize,function,green,admissible,ported,
endtoend,cpp-this-fields.cpp,Box,record,green,admissible,ported,
endtoend,cpp-this-fields.cpp,c_main,function,green,admissible,ported,
endtoend,cpp-this-fields.cpp,printf,function,green,admissible,declared,
endtoend,enum-from-int.c,Fred,enum,green,admissible,ported,
endtoend,enum-from-int.c,Temp,enum,green,admissible,ported,
endtoend,enum-from-int.c,c_main,function,green,admissible,ported,
endtoend,enum-from-int.c,printf,function,green,admissible,declared,
endtoend,enum-from-int.c,tu0_deref_uint,function,green,admissible,ported,
endtoend,enum-int.c,Color,enum,green,admissible,ported,
endtoend,enum-int.c,Temp,enum,green,admissible,ported,
endtoend,enum-int.c,c_main,function,green,admissible,ported,
endtoend,enum-int.c,printf,function,green,admissible,declared,
endtoend,float-literals.c,c_main,function,green,admissible,ported,
endtoend,float-literals.c,combine,function,green,admissible,ported,
endtoend,float-literals.c,g_hex,global,green,admissible,ported,
endtoend,float-literals.c,printf,function,green,admissible,declared,
endtoend,float-negation.c,c_main,function,green,admissible,ported,
endtoend,float-negation.c,flip,function,green,admissible,ported,
endtoend,float-negation.c,flipf,function,green,admissible,ported,
endtoend,float-negation.c,printf,function,green,admissible,declared,
endtoend,float.c,c_main,function,green,admissible,ported,
endtoend,float.c,mix,function,green,admissible,ported,
endtoend,float.c,printf,function,green,admissible,declared,
endtoend,fn-pointers.c,Calc,record,green,admissible,ported,
endtoend,fn-pointers.c,Op,enum,green,admissible,ported,
endtoend,fn-pointers.c,add,function,green,admissible,ported,
endtoend,fn-pointers.c,apply,function,green,admissible,ported,
endtoend,fn-pointers.c,c_main,function,green,admissible,ported,
endtoend,fn-pointers.c,f1,function,green,admissible,ported,
endtoend,fn-pointers.c,f2,function,green,admissible,ported,
endtoend,fn-pointers.c,mul,function,green,admissible,ported,
endtoend,fn-pointers.c,printf,function,green,admissible,declared,
endtoend,fn-pointers.c,select_op,function,green,admissible,ported,
endtoend,fn-pointers.c,sub,function,green,admissible,ported,
endtoend,fn-pointers.c,zero,function,green,admissible,ported,
endtoend,fnptr-devirt.c,c_main,function,green,admissible,ported,
endtoend,fnptr-devirt.c,fprintfptr,global,green,admissible,missing,
endtoend,fnptr-devirt.c,scale,function,green,admissible,ported,
endtoend,fnptr-devirt.c,scaleptr,global,green,admissible,missing,
endtoend,fnptr-noproto-infer.c,addc,function,green,admissible,ported,
endtoend,fnptr-noproto-infer.c,c_main,function,green,admissible,ported,
endtoend,fnptr-noproto-infer.c,halve,function,green,admissible,ported,
endtoend,fnptr-noproto-infer.c,negate,function,green,admissible,ported,
endtoend,fnptr-noproto-infer.c,printf,function,green,admissible,declared,
endtoend,fnptr-noproto-infer.c,trampoline,function,green,admissible,ported,
endtoend,fnptr-noproto-infer.c,twice,function,green,admissible,ported,
endtoend,fnptr-void-local.c,c_main,function,green,admissible,ported,
endtoend,fnptr-void-local.c,seed,global,green,admissible,ported,
endtoend,fnptr-void-local.c,times7,function,green,admissible,ported,
endtoend,func-name.c,announce,function,green,admissible,ported,
endtoend,func-name.c,c_main,function,green,admissible,ported,
endtoend,func-name.c,name_length,function,green,admissible,ported,
endtoend,func-name.c,printf,function,green,admissible,declared,
endtoend,func-name.c,puts,function,green,admissible,declared,
endtoend,func-name.c,strlen,function,green,admissible,declared,
endtoend,func-name.c,walked_length,function,green,admissible,ported,
endtoend,globals-string.c,Ops,record,green,admissible,ported,
endtoend,globals-string.c,c_main,function,green,admissible,ported,
endtoend,globals-string.c,ops,global,green,admissible,ported,
endtoend,globals-string.c,printf,function,green,admissible,declared,
endtoend,globals-string.c,s,global,green,admissible,ported,
endtoend,globals-string.c,seven,function,green,admissible,ported,
endtoend,globals-string.c,t,global,green,admissible,ported,
endtoend,globals-string.c,walk,function,green,admissible,ported,
endtoend,globals-writeback-order.c,S,record,green,admissible,ported,
endtoend,globals-writeback-order.c,T,record,green,admissible,ported,
endtoend,globals-writeback-order.c,c_main,function,green,admissible,ported,
endtoend,globals-writeback-order.c,g2,global,green,admissible,ported,
endtoend,globals-writeback-order.c,garr,global,green,admissible,ported,
endtoend,globals-writeback-order.c,gbuf,global,green,admissible,ported,
endtoend,globals-writeback-order.c,gs,global,green,admissible,ported,
endtoend,globals-writeback-order.c,printf,function,green,admissible,declared,
endtoend,globals-writeback-order.c,tu0_bump,function,green,admissible,ported,
endtoend,globals-writeback-order.c,tu0_get,function,green,admissible,ported,
endtoend,globals-writeback-order.c,tu0_idx_set2,function,green,admissible,ported,
endtoend,globals-writeback-order.c,tu0_idx_set3,function,green,admissible,ported,
endtoend,globals-writeback-order.c,tu0_poke,function,green,admissible,ported,
endtoend,globals-writeback-order.c,tu0_poke_y,function,green,admissible,ported,
endtoend,globals-writeback-order.c,tu0_touch_b,function,green,admissible,ported,
endtoend,globals-writeback-order.c,tu0_touch_b2,function,green,admissible,ported,
endtoend,globals.c,accumulate,function,green,admissible,ported,
endtoend,globals.c,bump,function,green,admissible,ported,
endtoend,globals.c,c,global,green,admissible,ported,
endtoend,globals.c,c_main,function,green,admissible,ported,
endtoend,globals.c,counter,global,green,admissible,ported,
endtoend,globals.c,fill_table,function,green,admissible,ported,
endtoend,globals.c,limit,global,green,admissible,ported,
endtoend,globals.c,printf,function,green,admissible,declared,
endtoend,globals.c,ratio,global,green,admissible,ported,
endtoend,globals.c,scale,global,green,admissible,ported,
endtoend,globals.c,table,global,green,admissible,ported,
endtoend,globals.c,table_sum,function,green,admissible,ported,
endtoend,goto.c,backward_loop,function,green,admissible,ported,
endtoend,goto.c,c_main,function,green,admissible,ported,
endtoend,goto.c,chained_labels,function,green,admissible,ported,
endtoend,goto.c,escape_nested,function,green,admissible,ported,
endtoend,goto.c,into_loop,function,green,admissible,ported,
endtoend,goto.c,label_at_end,function,green,admissible,ported,
endtoend,goto.c,printf,function,green,admissible,declared,
endtoend,goto.c,skip_init,function,green,admissible,ported,
endtoend,incremental-builds.cpp,Base,record,red,inadmissible,dropped,destructor
endtoend,incremental-builds.cpp,Counter,record,green,admissible,ported,
endtoend,incremental-builds.cpp,Derived,record,red,inadmissible,dropped,base-class
endtoend,incremental-builds.cpp,c_main,function,green,admissible,ported,
endtoend,incremental-builds.cpp,pick,function,red,inadmissible,dropped,reference-type
endtoend,incremental-builds.cpp,printf,function,green,admissible,declared,
endtoend,incremental-builds.cpp,total,function,green,admissible,ported,
endtoend,inline.c,c_main,function,green,admissible,ported,
endtoend,inline.c,printf,function,green,admissible,declared,
endtoend,inline.c,shift,function,green,admissible,ported,
endtoend,inline.c,tu0_chain,function,green,admissible,ported,
endtoend,inline.c,tu0_scale,function,green,admissible,ported,
endtoend,inline.c,twice,function,green,admissible,ported,
endtoend,lib-crate-external-caller.c,Acc,record,green,admissible,ported,
endtoend,lib-crate-external-caller.c,acc_count,function,green,admissible,ported,
endtoend,lib-crate-external-caller.c,acc_push,function,green,admissible,ported,
endtoend,lib-crate-external-caller.c,acc_reset,function,green,admissible,ported,
endtoend,lib-crate-external-caller.c,acc_total,function,green,admissible,ported,
endtoend,lib-crate-external-caller.c,clamped,function,green,admissible,ported,
endtoend,lib-crate-external-caller.c,scale_total,function,green,admissible,ported,
endtoend,lib-crate-external-caller.c,tu0_scale_hidden,function,green,admissible,ported,
endtoend,lib-crate-externals-trait.c,banded,function,green,admissible,ported,
endtoend,lib-crate-externals-trait.c,host_floor,function,green,admissible,declared,
endtoend,lib-crate-externals-trait.c,host_scale,function,green,admissible,declared,
endtoend,lib-crate-externals-trait.c,plain_sum,function,green,admissible,ported,
endtoend,lib-crate-externals-trait.c,scaled,function,green,admissible,ported,
endtoend,libc-subset.c,c_main,function,green,admissible,ported,
endtoend,libc-subset.c,tu0_sign,function,green,admissible,ported,
endtoend,linked-list.c,Node,record,green,admissible,ported,
endtoend,linked-list.c,c_main,function,green,admissible,ported,
endtoend,loops.c,c_main,function,green,admissible,ported,
endtoend,loops.c,printf,function,green,admissible,declared,
endtoend,lostcopy-min.c,c_main,function,green,admissible,ported,
endtoend,lostcopy-min.c,printf,function,green,admissible,declared,
endtoend,lostcopy-nested-branch.c,branchy,function,green,admissible,ported,
endtoend,lostcopy-nested-branch.c,c_main,function,green,admissible,ported,
endtoend,lostcopy-nested-branch.c,nested,function,green,admissible,ported,
endtoend,lostcopy-nested-branch.c,printf,function,green,admissible,declared,
endtoend,lostcopy-rotations.c,c_main,function,green,admissible,ported,
endtoend,lostcopy-rotations.c,fib3,function,green,admissible,ported,
endtoend,lostcopy-rotations.c,mixed,function,green,admissible,ported,
endtoend,lostcopy-rotations.c,partial,function,green,admissible,ported,
endtoend,lostcopy-rotations.c,printf,function,green,admissible,declared,
endtoend,lostcopy-rotations.c,swap2,function,green,admissible,ported,
endtoend,malloc-stack.c,c_main,function,green,admissible,ported,
endtoend,malloc-stack.c,printf,function,green,admissible,declared,
endtoend,math-sin.c,c_main,function,green,admissible,ported,
endtoend,math-sin.c,printf,function,green,admissible,declared,
endtoend,missing-return-expect-carrier.c,brk_end,global,green,admissible,ported,
endtoend,missing-return-expect-carrier.c,c_main,function,green,admissible,ported,
endtoend,missing-return-expect-carrier.c,printf,function,green,admissible,declared,
endtoend,missing-return-expect-carrier.c,tu0_classify,function,green,admissible,ported,
endtoend,missing-return-expect-carrier.c,tu0_extend,function,green,admissible,ported,
endtoend,missing-return-expect-carrier.c,tu0_is_null,function,green,admissible,ported,
endtoend,multi-tu-gate-g1-fnptr-result-erasure.c,S,record,green,admissible,ported,
endtoend,multi-tu-gate-g1-fnptr-result-erasure.c,c_main,function,green,admissible,ported,
endtoend,multi-tu-gate-g1-fnptr-result-erasure.c,go,function,green,admissible,ported,
endtoend,multi-tu-gate-g1-fnptr-result-erasure.c,gs,global,green,admissible,ported,
endtoend,multi-tu-gate-g1-fnptr-result-erasure.c,p,global,green,admissible,ported,
endtoend,multi-tu-gate-g1-fnptr-result-erasure.c,printf,function,green,admissible,declared,
endtoend,multi-tu-gate-g1-fnptr-result-erasure.c,swap,function,green,admissible,ported,
endtoend,multi-tu-gate-g1-fnptr-result-erasure.c,unrelated_g1,function,green,admissible,ported,
endtoend,multi-tu-gate-g3-owner-fallback.c,c_main,function,green,admissible,ported,
endtoend,multi-tu-gate-g3-owner-fallback.c,fill,function,green,admissible,missing,
endtoend,multi-tu-gate-g3-owner-fallback.c,printf,function,green,admissible,declared,
endtoend,multi-tu-gate-g3-owner-fallback.c,sum,function,green,admissible,missing,
endtoend,multi-tu-gate-g3-owner-fallback.c,total,function,green,admissible,missing,
endtoend,multi-tu-gate-g3-owner-fallback.c,unrelated_g3,function,green,admissible,ported,
endtoend,multi-tu-gate-g5-region-api.c,c_main,function,green,admissible,ported,
endtoend,multi-tu-gate-g5-region-api.c,printf,function,green,admissible,declared,
endtoend,multi-tu-gate-g5-region-api.c,region,global,green,admissible,ported,
endtoend,multi-tu-gate-g5-region-api.c,region_fill,function,green,admissible,ported,
endtoend,multi-tu-gate-g5-region-api.c,reset_region,function,green,admissible,ported,
endtoend,multi-tu-gate-g6-cellslice-fn-external.c,c_main,function,green,admissible,ported,
endtoend,multi-tu-gate-g6-cellslice-fn-external.c,printf,function,green,admissible,declared,
endtoend,multi-tu-gate-g6-cellslice-fn-external.c,sum4,function,green,admissible,ported,
endtoend,multi-tu-gate-g6-cellslice-fn-external.c,tu0_A,global,green,admissible,ported,
endtoend,multi-tu-gate-g6-cellslice-fn-external.c,tu1_B,global,green,admissible,ported,
endtoend,multi-tu-gate-g6-cellslice-fn-external.c,use_sum4,function,green,admissible,ported,
endtoend,multi-tu-gate-g8-ptr-global-external.c,arr,global,green,admissible,ported,
endtoend,multi-tu-gate-g8-ptr-global-external.c,c_main,function,green,admissible,ported,
endtoend,multi-tu-gate-g8-ptr-global-external.c,g,global,green,admissible,ported,
endtoend,multi-tu-gate-g8-ptr-global-external.c,printf,function,green,admissible,declared,
endtoend,multi-tu-gate-g8-ptr-global-external.c,read_g,function,green,admissible,ported,
endtoend,multi-tu-gate-g8-ptr-global-external.c,unrelated_g8,function,green,admissible,ported,
endtoend,multi-tu-gate-g8-shared-header.c,arr,global,green,admissible,ported,
endtoend,multi-tu-gate-g8-shared-header.c,c_main,function,green,admissible,ported,
endtoend,multi-tu-gate-g8-shared-header.c,g,global,green,admissible,ported,
endtoend,multi-tu-gate-g8-shared-header.c,printf,function,green,admissible,declared,
endtoend,multi-tu-gate-g8-shared-header.c,read_g,function,green,admissible,ported,
endtoend,multi-tu.c,add,function,green,admissible,ported,
endtoend,multi-tu.c,c_main,function,green,admissible,ported,
endtoend,multi-tu.c,lib_transform,function,green,admissible,ported,
endtoend,multi-tu.c,printf,function,green,admissible,declared,
endtoend,multi-tu.c,shared_counter,global,green,admissible,ported,
endtoend,multi-tu.c,tu0_scale,function,green,admissible,ported,
endtoend,multi-tu.c,tu1_scale,function,green,admissible,ported,
endtoend,nonfinite.c,c_main,function,green,admissible,ported,
endtoend,nonfinite.c,printf,function,green,admissible,declared,
endtoend,nonfinite.c,show,function,green,admissible,ported,
endtoend,owner-index-return.c,bigger,function,green,admissible,missing,
endtoend,owner-index-return.c,c_main,function,green,admissible,ported,
endtoend,owner-index-return.c,printf,function,green,admissible,declared,
endtoend,owners.c,c_main,function,green,admissible,ported,
endtoend,owners.c,fill,function,green,admissible,missing,
endtoend,owners.c,printf,function,green,admissible,declared,
endtoend,owners.c,sum,function,green,admissible,missing,
endtoend,owners.c,total,function,green,admissible,missing,
endtoend,percent-s-param.c,c_main,function,green,admissible,ported,
endtoend,percent-s-param.c,printf,function,green,admissible,declared,
endtoend,percent-s-param.c,puts,function,green,admissible,declared,
endtoend,percent-s-param.c,tu0_show,function,green,admissible,ported,
endtoend,percent-s-param.c,tu0_tail,function,green,admissible,ported,
endtoend,pointer-params.c,bump,function,green,admissible,ported,
endtoend,pointer-params.c,c_main,function,green,admissible,ported,
endtoend,pointer-params.c,double_all,function,green,admissible,ported,
endtoend,pointer-params.c,printf,function,green,admissible,declared,
endtoend,pointer-params.c,tail_sum,function,green,admissible,ported,
endtoend,pointer-params.c,walk_sum,function,green,admissible,ported,
endtoend,pointers-global-args.c,A,global,green,admissible,ported,
endtoend,pointers-global-args.c,B,global,green,admissible,ported,
endtoend,pointers-global-args.c,C,global,green,admissible,ported,
endtoend,pointers-global-args.c,Hanoi,function,green,admissible,ported,
endtoend,pointers-global-args.c,Move,function,green,admissible,ported,
endtoend,pointers-global-args.c,PrintAll,function,green,admissible,ported,
endtoend,pointers-global-args.c,c_main,function,green,admissible,ported,
endtoend,pointers-global-args.c,printf,function,green,admissible,declared,
endtoend,pointers-global.c,Pair,record,green,admissible,ported,
endtoend,pointers-global.c,advance,function,green,admissible,ported,
endtoend,pointers-global.c,arr,global,green,admissible,ported,
endtoend,pointers-global.c,bump,function,green,admissible,ported,
endtoend,pointers-global.c,c_main,function,green,admissible,ported,
endtoend,pointers-global.c,get,function,green,admissible,ported,
endtoend,pointers-global.c,offset,function,green,admissible,ported,
endtoend,pointers-global.c,p,global,green,admissible,missing,
endtoend,pointers-global.c,pair,global,green,admissible,missing,
endtoend,pointers-global.c,printf,function,green,admissible,declared,
endtoend,pointers-global.c,put,function,green,admissible,ported,
endtoend,pointers-global.c,q,global,green,admissible,ported,
endtoend,pointers-global.c,rebind,function,green,admissible,ported,
endtoend,pointers-global.c,sumt,function,green,admissible,ported,
endtoend,pointers-global.c,t,global,green,admissible,ported,
endtoend,pointers-global.c,x,global,green,admissible,ported,
endtoend,pointers-into-global.c,c_main,function,green,admissible,ported,
endtoend,pointers-into-global.c,direct_scale,function,green,admissible,ported,
endtoend,pointers-into-global.c,direct_sum,function,green,admissible,ported,
endtoend,pointers-into-global.c,garr,global,green,admissible,ported,
endtoend,pointers-into-global.c,gx,global,green,admissible,ported,
endtoend,pointers-into-global.c,next_static,function,green,admissible,ported,
endtoend,pointers-into-global.c,printf,function,green,admissible,declared,
endtoend,pointers-local.c,c_main,function,green,admissible,ported,
endtoend,pointers-local.c,printf,function,green,admissible,declared,
endtoend,pointers-member-base.c,bol,global,green,admissible,ported,
endtoend,pointers-member-base.c,c_main,function,green,admissible,ported,
endtoend,pointers-member-base.c,printf,function,green,admissible,declared,
endtoend,pointers-member-base.c,ziggy,record,green,admissible,ported,
endtoend,pointers-member.c,G,record,green,admissible,ported,
endtoend,pointers-member.c,In,record,green,admissible,ported,
endtoend,pointers-member.c,Out,record,green,admissible,ported,
endtoend,pointers-member.c,S,record,green,admissible,ported,
endtoend,pointers-member.c,c_main,function,green,admissible,ported,
endtoend,pointers-member.c,chain,function,green,admissible,ported,
endtoend,pointers-member.c,g,global,green,admissible,ported,
endtoend,pointers-member.c,gi,global,green,admissible,ported,
endtoend,pointers-member.c,go,global,green,admissible,missing,
endtoend,pointers-member.c,gx,global,green,admissible,ported,
endtoend,pointers-member.c,printf,function,green,admissible,declared,
endtoend,pointers-member.c,through_local,function,green,admissible,ported,
endtoend,pointers-multi-base.c,arrays_data_dependent,function,green,admissible,ported,
endtoend,pointers-multi-base.c,c_main,function,green,admissible,ported,
endtoend,pointers-multi-base.c,carried,function,green,admissible,ported,
endtoend,pointers-multi-base.c,printf,function,green,admissible,declared,
endtoend,pointers-multi-base.c,scalars_compare,function,green,admissible,ported,
endtoend,pointers-null-ternary.c,c_main,function,green,admissible,ported,
endtoend,pointers-null-ternary.c,printf,function,green,admissible,declared,
endtoend,pointers-null.c,c_main,function,green,admissible,ported,
endtoend,pointers-null.c,printf,function,green,admissible,declared,
endtoend,pointers-ptr-to-ptr.c,c_main,function,green,admissible,ported,
endtoend,pointers-ptr-to-ptr.c,printf,function,green,admissible,declared,
endtoend,pointers-reinterpret.c,c_main,function,green,admissible,ported,
endtoend,pointers-reinterpret.c,gt,global,green,admissible,ported,
endtoend,pointers-reinterpret.c,printf,function,green,admissible,declared,
endtoend,pointers-return-global.c,S,record,green,admissible,ported,
endtoend,pointers-return-global.c,again,function,green,admissible,ported,
endtoend,pointers-return-global.c,c_main,function,green,admissible,ported,
endtoend,pointers-return-global.c,calls,global,green,admissible,ported,
endtoend,pointers-return-global.c,go,function,green,admissible,ported,
endtoend,pointers-return-global.c,gs,global,green,admissible,ported,
endtoend,pointers-return-global.c,printf,function,green,admissible,declared,
endtoend,pointers-void.c,c_main,function,green,admissible,ported,
endtoend,pointers-void.c,printf,function,green,admissible,declared,
endtoend,printf-formats.c,c_main,function,green,admissible,ported,
endtoend,printf-formats.c,printf,function,green,admissible,declared,
endtoend,printf-user-defined-nonvariadic.c,c_main,function,green,admissible,ported,
endtoend,printf-user-defined-nonvariadic.c,putchar,function,green,admissible,declared,
endtoend,printf-user-defined-nonvariadic.c,puts,function,green,admissible,declared,
endtoend,printf-user-defined-nonvariadic.c,tu0_printf,function,green,admissible,ported,
endtoend,printf-user-defined.c,c_main,function,green,admissible,ported,
endtoend,printf-user-defined.c,putchar,function,green,admissible,declared,
endtoend,printf-user-defined.c,puts,function,green,admissible,declared,
endtoend,printf-user-defined.c,tu0_calls,global,green,admissible,ported,
endtoend,printf-user-defined.c,tu0_printf,function,green,admissible,ported,
endtoend,qualifiers.c,SCALE,global,green,admissible,ported,
endtoend,qualifiers.c,STEPS,global,green,admissible,ported,
endtoend,qualifiers.c,c_main,function,green,admissible,ported,
endtoend,qualifiers.c,cast_qualifiers,function,green,admissible,ported,
endtoend,qualifiers.c,deref_restrict,function,green,admissible,ported,
endtoend,qualifiers.c,printf,function,green,admissible,declared,
endtoend,qualifiers.c,read_const,function,green,admissible,ported,
endtoend,qualifiers.c,scale_by,function,green,admissible,ported,
endtoend,qualifiers.c,string_arg,function,green,admissible,ported,
endtoend,qualifiers.c,sum_restrict,function,green,admissible,missing,
endtoend,recover-partial.cpp,Accum,record,green,admissible,ported,
endtoend,recover-partial.cpp,c_main,function,green,admissible,ported,
endtoend,recover-partial.cpp,printf,function,green,admissible,declared,
endtoend,recover-partial.cpp,scaled,function,green,admissible,stubbed,other
endtoend,recover-partial.cpp,triple,function,green,admissible,ported,
endtoend,recover-partial.cpp,useWiden,function,green,admissible,stubbed,other
endtoend,recover-partial.cpp,widen,function,green,admissible,dropped,other
endtoend,recursion.c,c_main,function,green,admissible,ported,
endtoend,recursion.c,is_even,function,green,admissible,ported,
endtoend,recursion.c,is_odd,function,green,admissible,ported,
endtoend,recursion.c,printf,function,green,admissible,declared,
endtoend,recursion.c,sum_to,function,green,admissible,ported,
endtoend,sprintf.c,c_main,function,green,admissible,ported,
endtoend,stdio-file-roundtrip.c,c_main,function,green,admissible,ported,
endtoend,stdio-include.c,c_main,function,green,admissible,ported,
endtoend,stdio-include.c,square,function,green,admissible,ported,
endtoend,stl-string.cpp,c_main,function,green,admissible,ported,
endtoend,stl-string.cpp,printf,function,green,admissible,declared,
endtoend,stl-string.cpp,use_string_a,function,green,admissible,ported,
endtoend,stl-string.cpp,use_string_b,function,green,admissible,ported,
endtoend,stl-vector.cpp,c_main,function,green,admissible,ported,
endtoend,stl-vector.cpp,printf,function,green,admissible,declared,
endtoend,stl-vector.cpp,use_vector,function,green,admissible,ported,
endtoend,stmt-expr.c,c_main,function,green,admissible,ported,
endtoend,stmt-expr.c,printf,function,green,admissible,declared,
endtoend,stmt-expr.c,tu0_accum,function,green,admissible,ported,
endtoend,stmt-expr.c,tu0_label_loop,function,green,admissible,ported,
endtoend,string-cursor.c,c_main,function,green,admissible,ported,
endtoend,string-cursor.c,printf,function,green,admissible,declared,
endtoend,string-cursor.c,strlen,function,green,admissible,declared,
endtoend,strings-exprs.c,c_main,function,green,admissible,ported,
endtoend,strings-exprs.c,first,function,green,admissible,ported,
endtoend,strings-exprs.c,printf,function,green,admissible,declared,
endtoend,strings-exprs.c,ug,global,green,admissible,ported,
endtoend,strings-hosted.c,c_main,function,green,admissible,ported,
endtoend,strings.c,c_main,function,green,admissible,ported,
endtoend,strings.c,filePadded,global,green,admissible,ported,
endtoend,strings.c,fileScope,global,green,admissible,ported,
endtoend,strings.c,printf,function,green,admissible,declared,
endtoend,strings.c,putchar,function,green,admissible,declared,
endtoend,strings.c,puts,function,green,admissible,declared,
endtoend,struct-tag-namespace.c,a,global,green,admissible,ported,
endtoend,struct-tag-namespace.c,b,record,green,admissible,ported,
endtoend,struct-tag-namespace.c,bump,function,green,admissible,ported,
endtoend,struct-tag-namespace.c,c_main,function,green,admissible,ported,
endtoend,struct-tag-namespace.c,printf,function,green,admissible,declared,
endtoend,struct-tag-namespace.c,sum,function,green,admissible,ported,
endtoend,structs-anon-member.c,S1,record,green,admissible,ported,
endtoend,structs-anon-member.c,S2,record,green,admissible,ported,
endtoend,structs-anon-member.c,c_main,function,green,admissible,ported,
endtoend,structs-anon-member.c,deep,record,green,admissible,ported,
endtoend,structs-anon-member.c,g,global,green,admissible,ported,
endtoend,structs-anon-member.c,part,global,green,admissible,ported,
endtoend,structs-anon-member.c,printf,function,green,admissible,declared,
endtoend,structs-anon.c,c_main,function,green,admissible,ported,
endtoend,structs-anon.c,g,global,green,admissible,ported,
endtoend,structs-anon.c,labeled,global,green,admissible,ported,
endtoend,structs-anon.c,outer,record,green,admissible,ported,
endtoend,structs-anon.c,printf,function,green,admissible,declared,
endtoend,structs-nested.c,Inner,record,green,admissible,ported,
endtoend,structs-nested.c,Outer,record,green,admissible,ported,
endtoend,structs-nested.c,c_main,function,green,admissible,ported,
endtoend,structs-nested.c,overwrite,function,green,admissible,ported,
endtoend,structs-nested.c,printf,function,green,admissible,declared,
endtoend,structs-nested.c,sum_by_value,function,green,admissible,ported,
endtoend,structs-shadow.c,T,record,green,admissible,ported,
endtoend,structs-shadow.c,both_scopes,function,green,admissible,ported,
endtoend,structs-shadow.c,c_main,function,green,admissible,ported,
endtoend,structs-shadow.c,printf,function,green,admissible,declared,
endtoend,structs-shadow.c,same_shape,function,green,admissible,ported,
endtoend,structs.c,Point,record,green,admissible,ported,
endtoend,structs.c,c_main,function,green,admissible,ported,
endtoend,structs.c,manhattan,function,green,admissible,ported,
endtoend,structs.c,printf,function,green,admissible,declared,
endtoend,structs.c,scale,function,green,admissible,ported,
endtoend,switch-dispatch.c,c_main,function,green,admissible,ported,
endtoend,switch-dispatch.c,case_in_if,function,green,admissible,ported,
endtoend,switch-dispatch.c,case_in_loop_break,function,green,admissible,ported,
endtoend,switch-dispatch.c,dead_prefix,function,green,admissible,ported,
endtoend,switch-dispatch.c,duff_copy,function,green,admissible,ported,
endtoend,switch-dispatch.c,noncompound,function,green,admissible,ported,
endtoend,switch-dispatch.c,printf,function,green,admissible,declared,
endtoend,switch-enum.c,Color,enum,green,admissible,ported,
endtoend,switch-enum.c,c_main,function,green,admissible,ported,
endtoend,switch-enum.c,classify,function,green,admissible,ported,
endtoend,switch-enum.c,pick,function,green,admissible,ported,
endtoend,switch-enum.c,printf,function,green,admissible,declared,
endtoend,switch-general.c,Temp,enum,green,admissible,ported,
endtoend,switch-general.c,c_main,function,green,admissible,ported,
endtoend,switch-general.c,describe,function,green,admissible,ported,
endtoend,switch-general.c,early,function,green,admissible,ported,
endtoend,switch-general.c,nested,function,green,admissible,ported,
endtoend,switch-general.c,printf,function,green,admissible,declared,
endtoend,switch-general.c,sparse,function,green,admissible,ported,
endtoend,switch-general.c,wide,function,green,admissible,ported,
endtoend,union-find.c,c_main,function,green,admissible,ported,
endtoend,union-find.c,connected,function,green,admissible,missing,
endtoend,union-find.c,printf,function,green,admissible,declared,
endtoend,union-find.c,uf_find,function,green,admissible,missing,
endtoend,union-find.c,uf_node,record,green,admissible,ported,
endtoend,union-find.c,uf_node_init,function,green,admissible,missing,
endtoend,union-find.c,uf_union,function,green,admissible,missing,
endtoend,unions.c,DPun,record,green,admissible,ported,
endtoend,unions.c,FPun,record,green,admissible,ported,
endtoend,unions.c,Holder,record,green,admissible,ported,
endtoend,unions.c,One,record,green,admissible,ported,
endtoend,unions.c,Pun,record,green,admissible,ported,
endtoend,unions.c,c_main,function,green,admissible,ported,
endtoend,unions.c,g,global,green,admissible,ported,
endtoend,unions.c,gf,global,green,admissible,ported,
endtoend,unions.c,printf,function,green,admissible,declared,
endtoend,unsigned.c,c_main,function,green,admissible,ported,
endtoend,unsigned.c,f2u,function,green,admissible,ported,
endtoend,unsigned.c,printf,function,green,admissible,declared,
endtoend,unsigned.c,truthy,function,green,admissible,ported,
endtoend,unsigned.c,u2f,function,green,admissible,ported,
endtoend,unsigned.c,ubits,function,green,admissible,ported,
endtoend,unsigned.c,ucmp,function,green,admissible,ported,
endtoend,unsigned.c,udiv_urem,function,green,admissible,ported,
endtoend,unsigned.c,uneg,function,green,admissible,ported,
endtoend,unsigned.c,uneg64,function,green,admissible,ported,
endtoend,unsigned.c,uneg_expr,function,green,admissible,ported,
endtoend,unsigned.c,uswitch,function,green,admissible,ported,
endtoend,unsigned.c,uswitch64,function,green,admissible,ported,
endtoend,unsigned.c,uupdates,function,green,admissible,ported,
endtoend,unsigned.c,widen_narrow,function,green,admissible,ported,
endtoend,unsigned.c,wrap_add,function,green,admissible,ported,
endtoend,unsigned.c,wrap_mul,function,green,admissible,ported,
endtoend,unsigned.c,wrap_sub,function,green,admissible,ported,
endtoend,value-exprs.c,c_main,function,green,admissible,ported,
endtoend,value-exprs.c,comma,function,green,admissible,ported,
endtoend,value-exprs.c,do_while,function,green,admissible,ported,
endtoend,value-exprs.c,mixed_ternary,function,green,admissible,ported,
endtoend,value-exprs.c,nested_ternary,function,green,admissible,ported,
endtoend,value-exprs.c,printf,function,green,admissible,declared,
endtoend,value-exprs.c,sizes,function,green,admissible,ported,
endtoend,value-exprs.c,ternary,function,green,admissible,ported,
endtoend,value-exprs.c,value_positions,function,green,admissible,ported,
endtoend,varargs-def.c,c_main,function,green,admissible,ported,
endtoend,varargs-def.c,f1,function,green,admissible,ported,
endtoend,varargs-def.c,pair,record,green,admissible,ported,
endtoend,varargs-def.c,printf,function,green,admissible,declared,
endtoend,varargs-def.c,scale,function,green,admissible,ported,
endtoend,varargs-monomorph.c,c_main,function,green,admissible,ported,
endtoend,varargs-monomorph.c,d2,record,green,admissible,ported,
endtoend,varargs-monomorph.c,iv,record,green,admissible,ported,
endtoend,varargs-monomorph.c,l2,record,green,admissible,ported,
endtoend,varargs-monomorph.c,match_,function,green,admissible,ported,
endtoend,varargs-monomorph.c,myprintf,function,green,admissible,missing,
endtoend,void-cast.c,bump,function,green,admissible,ported,
endtoend,void-cast.c,c_main,function,green,admissible,ported,
endtoend,void-cast.c,global,global,green,admissible,ported,
endtoend,void-cast.c,printf,function,green,admissible,declared,
c-testsuite,00001.c,c_main,function,green,admissible,ported,
c-testsuite,00002.c,c_main,function,green,admissible,ported,
c-testsuite,00003.c,c_main,function,green,admissible,ported,
c-testsuite,00004.c,c_main,function,green,admissible,ported,
c-testsuite,00005.c,c_main,function,green,admissible,ported,
c-testsuite,00006.c,c_main,function,green,admissible,ported,
c-testsuite,00007.c,c_main,function,green,admissible,ported,
c-testsuite,00008.c,c_main,function,green,admissible,ported,
c-testsuite,00009.c,c_main,function,green,admissible,ported,
c-testsuite,00010.c,c_main,function,green,admissible,ported,
c-testsuite,00011.c,c_main,function,green,admissible,ported,
c-testsuite,00012.c,c_main,function,green,admissible,ported,
c-testsuite,00013.c,c_main,function,green,admissible,ported,
c-testsuite,00014.c,c_main,function,green,admissible,ported,
c-testsuite,00015.c,c_main,function,green,admissible,ported,
c-testsuite,00016.c,c_main,function,green,admissible,ported,
c-testsuite,00017.c,c_main,function,green,admissible,ported,
c-testsuite,00018.c,c_main,function,green,admissible,ported,
c-testsuite,00019.c,c_main,function,green,admissible,ported,
c-testsuite,00020.c,c_main,function,green,admissible,ported,
c-testsuite,00021.c,c_main,function,green,admissible,ported,
c-testsuite,00021.c,foo,function,green,admissible,ported,
c-testsuite,00022.c,c_main,function,green,admissible,ported,
c-testsuite,00023.c,c_main,function,green,admissible,ported,
c-testsuite,00023.c,x,global,green,admissible,ported,
c-testsuite,00024.c,c_main,function,green,admissible,ported,
c-testsuite,00024.c,s,record,green,admissible,ported,
c-testsuite,00024.c,v,global,green,admissible,ported,
c-testsuite,00025.c,c_main,function,green,admissible,ported,
c-testsuite,00025.c,strlen,function,green,admissible,declared,
c-testsuite,00026.c,c_main,function,green,admissible,ported,
c-testsuite,00027.c,c_main,function,green,admissible,ported,
c-testsuite,00028.c,c_main,function,green,admissible,ported,
c-testsuite,00029.c,c_main,function,green,admissible,ported,
c-testsuite,00030.c,c_main,function,green,admissible,ported,
c-testsuite,00030.c,f,function,green,admissible,ported,
c-testsuite,00031.c,c_main,function,green,admissible,ported,
c-testsuite,00031.c,one,function,green,admissible,ported,
c-testsuite,00031.c,zero,function,green,admissible,ported,
c-testsuite,00032.c,c_main,function,green,admissible,ported,
c-testsuite,00033.c,c_main,function,green,admissible,ported,
c-testsuite,00033.c,effect,function,green,admissible,ported,
c-testsuite,00033.c,g,global,green,admissible,ported,
c-testsuite,00034.c,c_main,function,green,admissible,ported,
c-testsuite,00035.c,c_main,function,green,admissible,ported,
c-testsuite,00036.c,c_main,function,green,admissible,ported,
c-testsuite,00037.c,c_main,function,green,admissible,ported,
c-testsuite,00038.c,c_main,function,green,admissible,ported,
c-testsuite,00039.c,c_main,function,green,admissible,ported,
c-testsuite,00040.c,N,global,green,admissible,ported,
c-testsuite,00040.c,c_main,function,green,admissible,ported,
c-testsuite,00040.c,chk,function,green,admissible,ported,
c-testsuite,00040.c,go,function,green,admissible,ported,
c-testsuite,00040.c,t,global,green,admissible,ported,
c-testsuite,00041.c,c_main,function,green,admissible,ported,
c-testsuite,00042.c,c_main,function,green,admissible,ported,
c-testsuite,00043.c,c_main,function,green,admissible,ported,
c-testsuite,00043.c,s,record,green,admissible,ported,
c-testsuite,00044.c,T,record,green,admissible,ported,
c-testsuite,00044.c,c_main,function,green,admissible,ported,
c-testsuite,00045.c,c_main,function,green,admissible,ported,
c-testsuite,00045.c,p,global,green,admissible,missing,
c-testsuite,00045.c,x,global,green,admissible,ported,
c-testsuite,00045.c,y,global,green,admissible,ported,
c-testsuite,00046.c,c_main,function,green,admissible,ported,
c-testsuite,00046.c,s,record,green,admissible,ported,
c-testsuite,00047.c,c_main,function,green,admissible,ported,
c-testsuite,00047.c,s,global,green,admissible,ported,
c-testsuite,00048.c,S,record,green,admissible,ported,
c-testsuite,00048.c,c_main,function,green,admissible,ported,
c-testsuite,00048.c,s,global,green,admissible,ported,
c-testsuite,00049.c,S,record,green,admissible,ported,
c-testsuite,00049.c,c_main,function,green,admissible,ported,
c-testsuite,00049.c,s,global,green,admissible,ported,
c-testsuite,00049.c,x,global,green,admissible,ported,
c-testsuite,00050.c,S1,record,green,admissible,ported,
c-testsuite,00050.c,S2,record,green,admissible,ported,
c-testsuite,00050.c,c_main,function,green,admissible,ported,
c-testsuite,00050.c,v,global,green,admissible,ported,
c-testsuite,00051.c,c_main,function,green,admissible,ported,
c-testsuite,00051.c,x,global,green,admissible,ported,
c-testsuite,00052.c,c_main,function,green,admissible,ported,
c-testsuite,00053.c,c_main,function,green,admissible,ported,
c-testsuite,00054.c,E,enum,green,admissible,ported,
c-testsuite,00054.c,c_main,function,green,admissible,ported,
c-testsuite,00055.c,E,enum,green,admissible,ported,
c-testsuite,00055.c,c_main,function,green,admissible,ported,
c-testsuite,00056.c,c_main,function,green,admissible,ported,
c-testsuite,00057.c,c_main,function,green,admissible,ported,
c-testsuite,00058.c,c_main,function,green,admissible,ported,
c-testsuite,00059.c,c_main,function,green,admissible,ported,
c-testsuite,00060.c,c_main,function,green,admissible,ported,
c-testsuite,00061.c,c_main,function,green,admissible,ported,
c-testsuite,00062.c,c_main,function,green,admissible,ported,
c-testsuite,00062.c,x,global,green,admissible,ported,
c-testsuite,00063.c,c_main,function,green,admissible,ported,
c-testsuite,00063.c,x,global,green,admissible,ported,
c-testsuite,00064.c,c_main,function,green,admissible,ported,
c-testsuite,00065.c,c_main,function,green,admissible,ported,
c-testsuite,00066.c,c_main,function,green,admissible,ported,
c-testsuite,00067.c,c_main,function,green,admissible,ported,
c-testsuite,00067.c,x,global,green,admissible,ported,
c-testsuite,00068.c,c_main,function,green,admissible,ported,
c-testsuite,00068.c,x,global,green,admissible,ported,
c-testsuite,00069.c,c_main,function,green,admissible,ported,
c-testsuite,00069.c,x,global,green,admissible,ported,
c-testsuite,00070.c,c_main,function,green,admissible,ported,
c-testsuite,00070.c,x,global,green,admissible,ported,
c-testsuite,00071.c,c_main,function,green,admissible,ported,
c-testsuite,00072.c,c_main,function,green,admissible,ported,
c-testsuite,00073.c,c_main,function,green,admissible,ported,
c-testsuite,00074.c,c_main,function,green,admissible,ported,
c-testsuite,00074.c,x,global,green,admissible,ported,
c-testsuite,00075.c,c_main,function,green,admissible,ported,
c-testsuite,00076.c,c_main,function,green,admissible,ported,
c-testsuite,00077.c,c_main,function,green,admissible,ported,
c-testsuite,00077.c,foo,function,green,admissible,ported,
c-testsuite,00078.c,c_main,function,green,admissible,ported,
c-testsuite,00078.c,f1,function,green,admissible,ported,
c-testsuite,00079.c,c_main,function,green,admissible,ported,
c-testsuite,00080.c,c_main,function,green,admissible,ported,
c-testsuite,00080.c,voidfn,function,green,admissible,ported,
c-testsuite,00081.c,c_main,function,green,admissible,ported,
c-testsuite,00082.c,c_main,function,green,admissible,ported,
c-testsuite,00083.c,c_main,function,green,admissible,ported,
c-testsuite,00083.c,one,function,green,admissible,ported,
c-testsuite,00083.c,three,function,green,admissible,ported,
c-testsuite,00083.c,two,function,green,admissible,ported,
c-testsuite,00084.c,c_main,function,green,admissible,ported,
c-testsuite,00084.c,none,function,green,admissible,ported,
c-testsuite,00084.c,one,function,green,admissible,ported,
c-testsuite,00084.c,three,function,green,admissible,ported,
c-testsuite,00084.c,two,function,green,admissible,ported,
c-testsuite,00085.c,c_main,function,green,admissible,ported,
c-testsuite,00086.c,c_main,function,green,admissible,ported,
c-testsuite,00087.c,S,record,green,admissible,ported,
c-testsuite,00087.c,c_main,function,green,admissible,ported,
c-testsuite,00087.c,foo,function,green,admissible,ported,
c-testsuite,00088.c,c_main,function,green,admissible,ported,
c-testsuite,00088.c,fptr,global,green,admissible,ported,
c-testsuite,00089.c,S,record,green,admissible,ported,
c-testsuite,00089.c,anon,function,green,admissible,ported,
c-testsuite,00089.c,c_main,function,green,admissible,ported,
c-testsuite,00089.c,go,function,green,admissible,ported,
c-testsuite,00089.c,s,global,green,admissible,ported,
c-testsuite,00089.c,zero,function,green,admissible,ported,
c-testsuite,00090.c,a,global,green,admissible,ported,
c-testsuite,00090.c,c_main,function,green,admissible,ported,
c-testsuite,00091.c,S,record,green,admissible,ported,
c-testsuite,00091.c,a,global,green,admissible,ported,
c-testsuite,00091.c,c_main,function,green,admissible,ported,
c-testsuite,00092.c,a,global,green,admissible,ported,
c-testsuite,00092.c,c_main,function,green,admissible,ported,
c-testsuite,00093.c,a,global,green,admissible,ported,
c-testsuite,00093.c,c_main,function,green,admissible,ported,
c-testsuite,00094.c,c_main,function,green,admissible,ported,
c-testsuite,00094.c,x,global,green,admissible,declared,
c-testsuite,00095.c,c_main,function,green,admissible,ported,
c-testsuite,00095.c,foo,function,green,admissible,ported,
c-testsuite,00095.c,x,global,green,admissible,ported,
c-testsuite,00096.c,c_main,function,green,admissible,ported,
c-testsuite,00096.c,x,global,green,admissible,ported,
c-testsuite,00097.c,c_main,function,green,admissible,ported,
c-testsuite,00098.c,c_main,function,green,admissible,ported,
c-testsuite,00099.c,Vec,record,green,admissible,ported,
c-testsuite,00099.c,c_main,function,green,admissible,ported,
c-testsuite,00099.c,tu0_vecresize,function,green,admissible,ported,
c-testsuite,00100.c,c_main,function,green,admissible,ported,
c-testsuite,00100.c,foo,function,green,admissible,ported,
c-testsuite,00101.c,c_main,function,green,admissible,ported,
c-testsuite,00102.c,c_main,function,green,admissible,ported,
c-testsuite,00103.c,c_main,function,green,admissible,ported,
c-testsuite,00104.c,c_main,function,green,admissible,ported,
c-testsuite,00105.c,c_main,function,green,admissible,ported,
c-testsuite,00106.c,S1,record,green,admissible,ported,
c-testsuite,00106.c,S2,record,green,admissible,ported,
c-testsuite,00106.c,c_main,function,green,admissible,ported,
c-testsuite,00107.c,c_main,function,green,admissible,ported,
c-testsuite,00107.c,x,global,green,admissible,ported,
c-testsuite,00108.c,c_main,function,green,admissible,ported,
c-testsuite,00108.c,foo,function,green,admissible,declared,
c-testsuite,00109.c,c_main,function,green,admissible,ported,
c-testsuite,00110.c,c_main,function,green,admissible,ported,
c-testsuite,00110.c,x,global,green,admissible,ported,
c-testsuite,00111.c,c_main,function,green,admissible,ported,
c-testsuite,00112.c,c_main,function,green,admissible,ported,
c-testsuite,00113.c,c_main,function,green,admissible,ported,
c-testsuite,00114.c,c_main,function,green,admissible,ported,
c-testsuite,00115.c,c_main,function,green,admissible,ported,
c-testsuite,00115.c,s,global,green,admissible,ported,
c-testsuite,00116.c,c_main,function,green,admissible,ported,
c-testsuite,00116.c,f,function,green,admissible,ported,
c-testsuite,00117.c,c_main,function,green,admissible,ported,
c-testsuite,00118.c,c_main,function,green,admissible,ported,
c-testsuite,00119.c,c_main,function,green,admissible,ported,
c-testsuite,00119.c,x,global,green,admissible,ported,
c-testsuite,00120.c,c_main,function,green,admissible,ported,
c-testsuite,00120.c,s,global,green,admissible,ported,
c-testsuite,00121.c,a,global,green,admissible,ported,
c-testsuite,00121.c,c_main,function,green,admissible,ported,
c-testsuite,00121.c,f,function,green,admissible,ported,
c-testsuite,00121.c,g,function,green,admissible,ported,
c-testsuite,00122.c,c_main,function,green,admissible,ported,
c-testsuite,00123.c,c_main,function,green,admissible,ported,
c-testsuite,00123.c,x,global,green,admissible,ported,
c-testsuite,00124.c,c_main,function,green,admissible,ported,
c-testsuite,00124.c,f1,function,green,admissible,ported,
c-testsuite,00124.c,f2,function,green,admissible,ported,
c-testsuite,00125.c,c_main,function,green,admissible,ported,
c-testsuite,00126.c,c_main,function,green,admissible,ported,
c-testsuite,00127.c,c,global,green,admissible,ported,
c-testsuite,00127.c,c_main,function,green,admissible,ported,
c-testsuite,00128.c,a,global,green,admissible,ported,
c-testsuite,00128.c,b,global,green,admissible,ported,
c-testsuite,00128.c,c,global,green,admissible,ported,
c-testsuite,00128.c,c_main,function,green,admissible,ported,
c-testsuite,00128.c,d,global,green,admissible,ported,
c-testsuite,00128.c,e,global,green,admissible,ported,
c-testsuite,00128.c,f,global,green,admissible,ported,
c-testsuite,00128.c,g,global,green,admissible,ported,
c-testsuite,00128.c,h,global,green,admissible,ported,
c-testsuite,00128.c,i,global,green,admissible,ported,
c-testsuite,00128.c,j,global,green,admissible,ported,
c-testsuite,00128.c,k,global,green,admissible,ported,
c-testsuite,00129.c,c_main,function,green,admissible,ported,
c-testsuite,00129.c,s,record,green,admissible,ported,
c-testsuite,00129.c,s2,global,green,admissible,ported,
c-testsuite,00130.c,c_main,function,green,admissible,ported,
c-testsuite,00131.c,c_main,function,green,admissible,ported,
c-testsuite,00132.c,c_main,function,green,admissible,ported,
c-testsuite,00133.c,c_main,function,green,admissible,ported,
c-testsuite,00134.c,c_main,function,green,admissible,ported,
c-testsuite,00135.c,c_main,function,green,admissible,ported,
c-testsuite,00136.c,a,global,green,admissible,ported,
c-testsuite,00136.c,b,global,green,admissible,ported,
c-testsuite,00136.c,c,global,green,admissible,ported,
c-testsuite,00136.c,c_main,function,green,admissible,ported,
c-testsuite,00136.c,d,global,green,admissible,ported,
c-testsuite,00136.c,e,global,green,admissible,ported,
c-testsuite,00136.c,e_,global,green,admissible,ported,
c-testsuite,00136.c,f,global,green,admissible,ported,
c-testsuite,00136.c,f_,global,green,admissible,ported,
c-testsuite,00137.c,c_main,function,green,admissible,ported,
c-testsuite,00138.c,c_main,function,green,admissible,ported,
c-testsuite,00139.c,c_main,function,green,admissible,ported,
c-testsuite,00140.c,c_main,function,green,admissible,ported,
c-testsuite,00140.c,f1,function,green,admissible,ported,
c-testsuite,00140.c,foo,record,green,admissible,ported,
c-testsuite,00141.c,c_main,function,green,admissible,ported,
c-testsuite,00142.c,c,global,green,admissible,ported,
c-testsuite,00142.c,c_main,function,green,admissible,ported,
c-testsuite,00143.c,c_main,function,green,admissible,ported,
c-testsuite,00144.c,c_main,function,green,admissible,ported,
c-testsuite,00145.c,c_main,function,green,admissible,ported,
c-testsuite,00146.c,S,record,green,admissible,ported,
c-testsuite,00146.c,c_main,function,green,admissible,ported,
c-testsuite,00146.c,s,global,green,admissible,ported,
c-testsuite,00147.c,arr,global,green,admissible,ported,
c-testsuite,00147.c,c_main,function,green,admissible,ported,
c-testsuite,00148.c,S,record,green,admissible,ported,
c-testsuite,00148.c,arr,global,green,admissible,ported,
c-testsuite,00148.c,c_main,function,green,admissible,ported,
c-testsuite,00149.c,S,record,green,admissible,ported,
c-testsuite,00149.c,c_main,function,green,admissible,ported,
c-testsuite,00149.c,s,global,green,admissible,missing,
c-testsuite,00150.c,S1,record,green,admissible,ported,
c-testsuite,00150.c,S2,record,green,admissible,ported,
c-testsuite,00150.c,c_main,function,green,admissible,ported,
c-testsuite,00150.c,gs1,global,green,admissible,ported,
c-testsuite,00150.c,s,global,green,admissible,missing,
c-testsuite,00151.c,arr,global,green,admissible,ported,
c-testsuite,00151.c,c_main,function,green,admissible,ported,
c-testsuite,00152.c,c_main,function,green,admissible,ported,
c-testsuite,00153.c,S,record,green,admissible,ported,
c-testsuite,00153.c,c_main,function,green,admissible,ported,
c-testsuite,00154.c,c_main,function,green,admissible,ported,
c-testsuite,00154.c,fred,record,green,admissible,ported,
c-testsuite,00155.c,c_main,function,green,admissible,ported,
c-testsuite,00156.c,c_main,function,green,admissible,ported,
c-testsuite,00157.c,c_main,function,green,admissible,ported,
c-testsuite,00158.c,c_main,function,green,admissible,ported,
c-testsuite,00159.c,c_main,function,green,admissible,ported,
c-testsuite,00159.c,myfunc,function,green,admissible,ported,
c-testsuite,00159.c,qfunc,function,green,admissible,ported,
c-testsuite,00159.c,vfunc,function,green,admissible,ported,
c-testsuite,00159.c,zfunc,function,green,admissible,ported,
c-testsuite,00160.c,c_main,function,green,admissible,ported,
c-testsuite,00161.c,c_main,function,green,admissible,ported,
c-testsuite,00162.c,c_main,function,green,admissible,ported,
c-testsuite,00162.c,foo,function,green,admissible,declared,
c-testsuite,00162.c,fooc,function,green,admissible,ported,
c-testsuite,00162.c,foor,function,green,admissible,declared,
c-testsuite,00162.c,foos,function,green,admissible,declared,
c-testsuite,00162.c,foov,function,green,admissible,declared,
c-testsuite,00162.c,foovm,function,green,admissible,declared,
c-testsuite,00163.c,bolshevic,global,green,admissible,ported,
c-testsuite,00163.c,c_main,function,green,admissible,ported,
c-testsuite,00163.c,ziggy,record,green,admissible,ported,
c-testsuite,00164.c,c_main,function,green,admissible,ported,
c-testsuite,00165.c,c_main,function,green,admissible,ported,
c-testsuite,00166.c,c_main,function,green,admissible,ported,
c-testsuite,00167.c,c_main,function,green,admissible,ported,
c-testsuite,00168.c,c_main,function,green,admissible,ported,
c-testsuite,00168.c,factorial,function,green,admissible,ported,
c-testsuite,00169.c,c_main,function,green,admissible,ported,
c-testsuite,00170.c,Epositive,enum,green,admissible,ported,
c-testsuite,00170.c,S2,record,green,admissible,ported,
c-testsuite,00170.c,Sforward_use,record,green,admissible,ported,
c-testsuite,00170.c,c_main,function,green,admissible,ported,
c-testsuite,00170.c,efoo,enum,green,admissible,ported,
c-testsuite,00170.c,fred,enum,green,admissible,ported,
c-testsuite,00170.c,it_real_fn,function,green,admissible,ported,
c-testsuite,00170.c,should_compile,function,green,admissible,ported,
c-testsuite,00170.c,tu0_deref_uintptr,function,green,admissible,ported,
c-testsuite,00171.c,c_main,function,green,admissible,ported,
c-testsuite,00172.c,c_main,function,green,admissible,ported,
c-testsuite,00173.c,c_main,function,green,admissible,ported,
c-testsuite,00174.c,c_main,function,green,admissible,ported,
c-testsuite,00175.c,c_main,function,green,admissible,ported,
c-testsuite,00175.c,charfunc,function,green,admissible,ported,
c-testsuite,00175.c,floatfunc,function,green,admissible,ported,
c-testsuite,00175.c,intfunc,function,green,admissible,ported,
c-testsuite,00176.c,array,global,green,admissible,ported,
c-testsuite,00176.c,c_main,function,green,admissible,ported,
c-testsuite,00176.c,partition,function,green,admissible,ported,
c-testsuite,00176.c,quicksort,function,green,admissible,ported,
c-testsuite,00176.c,swap,function,green,admissible,ported,
c-testsuite,00177.c,c_main,function,green,admissible,ported,
c-testsuite,00178.c,c_main,function,green,admissible,ported,
c-testsuite,00179.c,c_main,function,green,admissible,ported,
c-testsuite,00180.c,c_main,function,green,admissible,ported,
c-testsuite,00181.c,A,global,green,admissible,ported,
c-testsuite,00181.c,B,global,green,admissible,ported,
c-testsuite,00181.c,C,global,green,admissible,ported,
c-testsuite,00181.c,Hanoi,function,green,admissible,ported,
c-testsuite,00181.c,Move,function,green,admissible,ported,
c-testsuite,00181.c,PrintAll,function,green,admissible,ported,
c-testsuite,00181.c,c_main,function,green,admissible,ported,
c-testsuite,00182.c,botline,function,green,admissible,ported,
c-testsuite,00182.c,c_main,function,green,admissible,ported,
c-testsuite,00182.c,midline,function,green,admissible,ported,
c-testsuite,00182.c,print_led,function,green,admissible,ported,
c-testsuite,00182.c,topline,function,green,admissible,ported,
c-testsuite,00183.c,c_main,function,green,admissible,ported,
c-testsuite,00184.c,c_main,function,green,admissible,ported,
c-testsuite,00185.c,c_main,function,green,admissible,ported,
c-testsuite,00186.c,c_main,function,green,admissible,ported,
c-testsuite,00187.c,c_main,function,green,admissible,ported,
c-testsuite,00188.c,c_main,function,green,admissible,ported,
c-testsuite,00189.c,c_main,function,green,admissible,ported,
c-testsuite,00189.c,f,global,green,admissible,missing,
c-testsuite,00189.c,fprintfptr,global,green,admissible,missing,
c-testsuite,00189.c,fred,function,green,admissible,ported,
c-testsuite,00190.c,c_main,function,green,admissible,ported,
c-testsuite,00190.c,fred,function,green,admissible,ported,
c-testsuite,00191.c,c_main,function,green,admissible,ported,
c-testsuite,00192.c,c_main,function,green,admissible,ported,
c-testsuite,00193.c,c_main,function,green,admissible,ported,
c-testsuite,00193.c,fred,function,green,admissible,ported,
c-testsuite,00194.c,c_main,function,green,admissible,ported,
c-testsuite,00195.c,c_main,function,green,admissible,ported,
c-testsuite,00195.c,point,record,green,admissible,ported,
c-testsuite,00195.c,point_array,global,green,admissible,ported,
c-testsuite,00196.c,c_main,function,green,admissible,ported,
c-testsuite,00196.c,fred,function,green,admissible,ported,
c-testsuite,00196.c,joe,function,green,admissible,ported,
c-testsuite,00197.c,c_main,function,green,admissible,ported,
c-testsuite,00197.c,henry,function,green,admissible,ported,
c-testsuite,00197.c,tu0_fred,global,green,admissible,ported,
c-testsuite,00197.c,tu0_joe,global,green,admissible,ported,
c-testsuite,00198.c,c_main,function,green,admissible,ported,
c-testsuite,00198.c,fred,enum,green,admissible,ported,
c-testsuite,00199.c,c_main,function,green,admissible,ported,
c-testsuite,00199.c,fred,function,green,admissible,ported,
c-testsuite,00199.c,henry,function,green,admissible,ported,
c-testsuite,00199.c,joe,function,green,admissible,ported,
c-testsuite,00200.c,c_main,function,green,admissible,ported,
c-testsuite,00200.c,tu0_check,function,green,admissible,ported,
c-testsuite,00200.c,tu0_debug,global,green,admissible,ported,
c-testsuite,00200.c,tu0_nfailed,global,green,admissible,ported,
c-testsuite,00201.c,c_main,function,green,admissible,ported,
c-testsuite,00202.c,c_main,function,green,admissible,ported,
c-testsuite,00203.c,c_main,function,green,admissible,ported,
c-testsuite,00204.c,arg,function,green,admissible,ported,
c-testsuite,00204.c,c_main,function,green,admissible,ported,
c-testsuite,00204.c,fa1,function,green,admissible,ported,
c-testsuite,00204.c,fa2,function,green,admissible,ported,
c-testsuite,00204.c,fa3,function,green,admissible,ported,
c-testsuite,00204.c,fa4,function,green,admissible,ported,
c-testsuite,00204.c,fa_hfa11,function,green,admissible,ported,
c-testsuite,00204.c,fa_hfa12,function,green,admissible,ported,
c-testsuite,00204.c,fa_hfa13,function,green,admissible,ported,
c-testsuite,00204.c,fa_hfa14,function,green,admissible,ported,
c-testsuite,00204.c,fa_hfa21,function,green,admissible,ported,
c-testsuite,00204.c,fa_hfa22,function,green,admissible,ported,
c-testsuite,00204.c,fa_hfa23,function,green,admissible,ported,
c-testsuite,00204.c,fa_hfa24,function,green,admissible,ported,
c-testsuite,00204.c,fa_hfa31,function,green,admissible,ported,
c-testsuite,00204.c,fa_hfa32,function,green,admissible,ported,
c-testsuite,00204.c,fa_hfa33,function,green,admissible,ported,
c-testsuite,00204.c,fa_hfa34,function,green,admissible,ported,
c-testsuite,00204.c,fa_s1,function,green,admissible,ported,
c-testsuite,00204.c,fa_s10,function,green,admissible,ported,
c-testsuite,00204.c,fa_s11,function,green,admissible,ported,
c-testsuite,00204.c,fa_s12,function,green,admissible,ported,
c-testsuite,00204.c,fa_s13,function,green,admissible,ported,
c-testsuite,00204.c,fa_s14,function,green,admissible,ported,
c-testsuite,00204.c,fa_s15,function,green,admissible,ported,
c-testsuite,00204.c,fa_s16,function,green,admissible,ported,
c-testsuite,00204.c,fa_s17,function,green,admissible,ported,
c-testsuite,00204.c,fa_s2,function,green,admissible,ported,
c-testsuite,00204.c,fa_s3,function,green,admissible,ported,
c-testsuite,00204.c,fa_s4,function,green,admissible,ported,
c-testsuite,00204.c,fa_s5,function,green,admissible,ported,
c-testsuite,00204.c,fa_s6,function,green,admissible,ported,
c-testsuite,00204.c,fa_s7,function,green,admissible,ported,
c-testsuite,00204.c,fa_s8,function,green,admissible,ported,
c-testsuite,00204.c,fa_s9,function,green,admissible,ported,
c-testsuite,00204.c,fr_hfa11,function,green,admissible,ported,
c-testsuite,00204.c,fr_hfa12,function,green,admissible,ported,
c-testsuite,00204.c,fr_hfa13,function,green,admissible,ported,
c-testsuite,00204.c,fr_hfa14,function,green,admissible,ported,
c-testsuite,00204.c,fr_hfa21,function,green,admissible,ported,
c-testsuite,00204.c,fr_hfa22,function,green,admissible,ported,
c-testsuite,00204.c,fr_hfa23,function,green,admissible,ported,
c-testsuite,00204.c,fr_hfa24,function,green,admissible,ported,
c-testsuite,00204.c,fr_hfa31,function,green,admissible,ported,
c-testsuite,00204.c,fr_hfa32,function,green,admissible,ported,
c-testsuite,00204.c,fr_hfa33,function,green,admissible,ported,
c-testsuite,00204.c,fr_hfa34,function,green,admissible,ported,
c-testsuite,00204.c,fr_s1,function,green,admissible,ported,
c-testsuite,00204.c,fr_s10,function,green,admissible,ported,
c-testsuite,00204.c,fr_s11,function,green,admissible,ported,
c-testsuite,00204.c,fr_s12,function,green,admissible,ported,
c-testsuite,00204.c,fr_s13,function,green,admissible,ported,
c-testsuite,00204.c,fr_s14,function,green,admissible,ported,
c-testsuite,00204.c,fr_s15,function,green,admissible,ported,
c-testsuite,00204.c,fr_s16,function,green,admissible,ported,
c-testsuite,00204.c,fr_s17,function,green,admissible,ported,
c-testsuite,00204.c,fr_s2,function,green,admissible,ported,
c-testsuite,00204.c,fr_s3,function,green,admissible,ported,
c-testsuite,00204.c,fr_s4,function,green,admissible,ported,
c-testsuite,00204.c,fr_s5,function,green,admissible,ported,
c-testsuite,00204.c,fr_s6,function,green,admissible,ported,
c-testsuite,00204.c,fr_s7,function,green,admissible,ported,
c-testsuite,00204.c,fr_s8,function,green,admissible,ported,
c-testsuite,00204.c,fr_s9,function,green,admissible,ported,
c-testsuite,00204.c,hfa11,record,green,admissible,ported,
c-testsuite,00204.c,hfa12,record,green,admissible,ported,
c-testsuite,00204.c,hfa13,record,green,admissible,ported,
c-testsuite,00204.c,hfa14,record,green,admissible,ported,
c-testsuite,00204.c,hfa21,record,green,admissible,ported,
c-testsuite,00204.c,hfa22,record,green,admissible,ported,
c-testsuite,00204.c,hfa23,record,green,admissible,ported,
c-testsuite,00204.c,hfa24,record,green,admissible,ported,
c-testsuite,00204.c,hfa31,record,green,admissible,ported,
c-testsuite,00204.c,hfa32,record,green,admissible,ported,
c-testsuite,00204.c,hfa33,record,green,admissible,ported,
c-testsuite,00204.c,hfa34,record,green,admissible,ported,
c-testsuite,00204.c,match_,function,green,admissible,ported,
c-testsuite,00204.c,movi,function,green,admissible,ported,
c-testsuite,00204.c,myprintf,function,green,admissible,missing,
c-testsuite,00204.c,opi,function,green,admissible,ported,
c-testsuite,00204.c,pcs,function,green,admissible,ported,
c-testsuite,00204.c,pll,function,green,admissible,ported,
c-testsuite,00204.c,ret,function,green,admissible,ported,
c-testsuite,00204.c,s1,record,green,admissible,ported,
c-testsuite,00204.c,s10,record,green,admissible,ported,
c-testsuite,00204.c,s11,record,green,admissible,ported,
c-testsuite,00204.c,s12,record,green,admissible,ported,
c-testsuite,00204.c,s13,record,green,admissible,ported,
c-testsuite,00204.c,s14,record,green,admissible,ported,
c-testsuite,00204.c,s15,record,green,admissible,ported,
c-testsuite,00204.c,s16,record,green,admissible,ported,
c-testsuite,00204.c,s17,record,green,admissible,ported,
c-testsuite,00204.c,s2,record,green,admissible,ported,
c-testsuite,00204.c,s3,record,green,admissible,ported,
c-testsuite,00204.c,s4,record,green,admissible,ported,
c-testsuite,00204.c,s5,record,green,admissible,ported,
c-testsuite,00204.c,s6,record,green,admissible,ported,
c-testsuite,00204.c,s7,record,green,admissible,ported,
c-testsuite,00204.c,s8,record,green,admissible,ported,
c-testsuite,00204.c,s9,record,green,admissible,ported,
c-testsuite,00204.c,stdarg,function,green,admissible,ported,
c-testsuite,00204.c,tu0_addip0,function,green,admissible,ported,
c-testsuite,00204.c,tu0_addip123,function,green,admissible,ported,
c-testsuite,00204.c,tu0_addlm123,function,green,admissible,ported,
c-testsuite,00204.c,tu0_addp12345,function,green,admissible,ported,
c-testsuite,00204.c,tu0_and0xf0,function,green,admissible,ported,
c-testsuite,00204.c,tu0_andi0,function,green,admissible,ported,
c-testsuite,00204.c,tu0_andlm1,function,green,admissible,ported,
c-testsuite,00204.c,tu0_asri1,function,green,admissible,ported,
c-testsuite,00204.c,tu0_asri31,function,green,admissible,ported,
c-testsuite,00204.c,tu0_asrl0,function,green,admissible,ported,
c-testsuite,00204.c,tu0_asrl1,function,green,admissible,ported,
c-testsuite,00204.c,tu0_asrl63,function,green,admissible,ported,
c-testsuite,00204.c,tu0_eor0xf0,function,green,admissible,ported,
c-testsuite,00204.c,tu0_eori0,function,green,admissible,ported,
c-testsuite,00204.c,tu0_eorlm1,function,green,admissible,ported,
c-testsuite,00204.c,tu0_lsli0,function,green,admissible,ported,
c-testsuite,00204.c,tu0_lsli1,function,green,admissible,ported,
c-testsuite,00204.c,tu0_lsli31,function,green,admissible,ported,
c-testsuite,00204.c,tu0_lsll1,function,green,admissible,ported,
c-testsuite,00204.c,tu0_lsll63,function,green,admissible,ported,
c-testsuite,00204.c,tu0_lsri0,function,green,admissible,ported,
c-testsuite,00204.c,tu0_lsri1,function,green,admissible,ported,
c-testsuite,00204.c,tu0_lsri31,function,green,admissible,ported,
c-testsuite,00204.c,tu0_lsrl1,function,green,admissible,ported,
c-testsuite,00204.c,tu0_lsrl63,function,green,admissible,ported,
c-testsuite,00204.c,tu0_mvni,function,green,admissible,ported,
c-testsuite,00204.c,tu0_negl,function,green,admissible,ported,
c-testsuite,00204.c,tu0_orr0xf0,function,green,admissible,ported,
c-testsuite,00204.c,tu0_orrim1,function,green,admissible,ported,
c-testsuite,00204.c,tu0_orrl0,function,green,admissible,ported,
c-testsuite,00204.c,tu0_rsbi123,function,green,admissible,ported,
c-testsuite,00204.c,tu0_rsbl123,function,green,admissible,ported,
c-testsuite,00204.c,tu0_subim503808,function,green,admissible,ported,
c-testsuite,00204.c,tu0_sublp0,function,green,admissible,ported,
c-testsuite,00204.c,tu0_sublp4095,function,green,admissible,ported,
c-testsuite,00204.c,tu0_subp12345,function,green,admissible,ported,
c-testsuite,00205.c,PT,record,green,admissible,ported,
c-testsuite,00205.c,c_main,function,green,admissible,ported,
c-testsuite,00205.c,cases,global,green,admissible,ported,
c-testsuite,00206.c,c_main,function,green,admissible,ported,
c-testsuite,00207.c,c_main,function,green,admissible,ported,
c-testsuite,00207.c,f1,function,green,admissible,ported,
c-testsuite,00207.c,f2,function,green,admissible,ported,
c-testsuite,00207.c,f3,function,green,admissible,ported,
c-testsuite,00208.c,c_main,function,green,admissible,ported,
c-testsuite,00208.c,f1char,function,green,admissible,ported,
c-testsuite,00208.c,f1int,function,green,admissible,ported,
c-testsuite,00208.c,wchar,record,green,admissible,ported,
c-testsuite,00208.c,wint,record,green,admissible,ported,
c-testsuite,00209.c,c_main,function,green,admissible,ported,
c-testsuite,00209.c,e,global,green,admissible,missing,
c-testsuite,00209.c,e1,global,green,admissible,missing,
c-testsuite,00209.c,e2,global,green,admissible,missing,
c-testsuite,00209.c,f1,function,green,admissible,ported,
c-testsuite,00209.c,f2,function,green,admissible,ported,
c-testsuite,00209.c,f3,function,green,admissible,ported,
c-testsuite,00209.c,f4,function,green,admissible,ported,
c-testsuite,00209.c,f5,function,green,admissible,ported,
c-testsuite,00209.c,f8,function,green,admissible,declared,
c-testsuite,00209.c,s,global,green,admissible,missing,
c-testsuite,00209.c,s1,global,green,admissible,missing,
c-testsuite,00209.c,s2,global,green,admissible,missing,
c-testsuite,00210.c,Unaligned16a,record,green,admissible,ported,
c-testsuite,00210.c,Unaligned16b,record,green,admissible,ported,
c-testsuite,00210.c,actual_function,function,green,admissible,ported,
c-testsuite,00210.c,c_main,function,green,admissible,ported,
c-testsuite,00210.c,foo,function,green,admissible,ported,
c-testsuite,00210.c,printf,function,green,admissible,declared,
c-testsuite,00211.c,array,global,green,admissible,ported,
c-testsuite,00211.c,c_main,function,green,admissible,ported,
c-testsuite,00211.c,printf,function,green,admissible,declared,
c-testsuite,00212.c,c_main,function,green,admissible,ported,
c-testsuite,00213.c,c_main,function,green,admissible,ported,
c-testsuite,00213.c,printf,function,green,admissible,declared,
c-testsuite,00213.c,tu0_check,function,green,admissible,ported,
c-testsuite,00213.c,tu0_dowhile,function,green,admissible,ported,
c-testsuite,00213.c,tu0_foo,function,green,admissible,ported,
c-testsuite,00213.c,tu0_global,global,green,admissible,ported,
c-testsuite,00213.c,tu0_kb_wait_1,function,green,admissible,ported,
c-testsuite,00214.c,_brk_end,global,green,admissible,ported,
c-testsuite,00214.c,_brk_start,global,green,admissible,ported,
c-testsuite,00214.c,bla,function,green,admissible,ported,
c-testsuite,00214.c,c_main,function,green,admissible,ported,
c-testsuite,00214.c,chk,function,green,admissible,ported,
c-testsuite,00214.c,extend_brk,function,green,admissible,ported,
c-testsuite,00214.c,printf,function,green,admissible,declared,
c-testsuite,00214.c,tu0_get_args,function,green,admissible,ported,
c-testsuite,00215.c,c_main,function,green,admissible,ported,
c-testsuite,00215.c,printf,function,green,admissible,declared,
c-testsuite,00215.c,tu0_kb_wait_1,function,green,admissible,ported,
c-testsuite,00215.c,tu0_kb_wait_2,function,green,admissible,ported,
c-testsuite,00215.c,tu0_kb_wait_2_1,function,green,admissible,ported,
c-testsuite,00215.c,tu0_kb_wait_2_2,function,green,admissible,ported,
c-testsuite,00215.c,tu0_kb_wait_3,function,green,admissible,ported,
c-testsuite,00215.c,tu0_kb_wait_4,function,green,admissible,ported,
c-testsuite,00216.c,S,record,green,admissible,missing,
c-testsuite,00216.c,SEA,record,green,admissible,ported,
c-testsuite,00216.c,SEB,record,green,admissible,ported,
c-testsuite,00216.c,SEC,record,green,admissible,ported,
c-testsuite,00216.c,SED,record,green,admissible,ported,
c-testsuite,00216.c,SS,record,green,admissible,missing,
c-testsuite,00216.c,SU,record,green,admissible,missing,
c-testsuite,00216.c,T,record,green,admissible,missing,
c-testsuite,00216.c,U,record,green,admissible,missing,
c-testsuite,00216.c,UU,record,green,admissible,missing,
c-testsuite,00216.c,UV,record,green,admissible,missing,
c-testsuite,00216.c,V,record,green,admissible,missing,
c-testsuite,00216.c,W,record,green,admissible,missing,
c-testsuite,00216.c,Wrap,record,green,admissible,ported,
c-testsuite,00216.c,c_main,function,green,admissible,ported,
c-testsuite,00216.c,ce,global,green,admissible,ported,
c-testsuite,00216.c,contains_empty,record,green,admissible,missing,
c-testsuite,00216.c,empty_s,record,green,admissible,missing,
c-testsuite,00216.c,flowi6,record,green,admissible,missing,
c-testsuite,00216.c,foo,function,green,admissible,ported,
c-testsuite,00216.c,global,global,green,admissible,ported,
c-testsuite,00216.c,global_wrap,global,green,admissible,ported,
c-testsuite,00216.c,gs,global,green,admissible,ported,
c-testsuite,00216.c,gs2,global,green,admissible,ported,
c-testsuite,00216.c,gs3,global,green,admissible,ported,
c-testsuite,00216.c,gsu,global,green,admissible,ported,
c-testsuite,00216.c,gt,global,green,admissible,ported,
c-testsuite,00216.c,gu,global,green,admissible,ported,
c-testsuite,00216.c,gu2,global,green,admissible,ported,
c-testsuite,00216.c,gu3,global,green,admissible,ported,
c-testsuite,00216.c,gu4,global,green,admissible,ported,
c-testsuite,00216.c,guv,global,green,admissible,ported,
c-testsuite,00216.c,guv2,global,green,admissible,ported,
c-testsuite,00216.c,guv3,global,green,admissible,ported,
c-testsuite,00216.c,gv,global,green,admissible,ported,
c-testsuite,00216.c,gv2,global,green,admissible,ported,
c-testsuite,00216.c,gv3,global,green,admissible,ported,
c-testsuite,00216.c,gw,global,green,admissible,ported,
c-testsuite,00216.c,in6_addr,record,green,admissible,missing,
c-testsuite,00216.c,inc_global,function,green,admissible,ported,
c-testsuite,00216.c,phdr,global,green,admissible,ported,
c-testsuite,00216.c,pkthdr,record,green,admissible,missing,
c-testsuite,00216.c,print_,function,green,admissible,ported,
c-testsuite,00216.c,sinit16,global,green,admissible,ported,
c-testsuite,00216.c,sys_ni,function,green,admissible,ported,
c-testsuite,00216.c,sys_one,function,green,admissible,ported,
c-testsuite,00216.c,sys_three,function,green,admissible,ported,
c-testsuite,00216.c,sys_two,function,green,admissible,ported,
c-testsuite,00216.c,table,global,green,admissible,ported,
c-testsuite,00216.c,test_compound_with_relocs,function,green,admissible,ported,
c-testsuite,00216.c,test_multi_relocs,function,green,admissible,ported,
c-testsuite,00216.c,test_zero_init,function,green,admissible,ported,
c-testsuite,00216.c,tu0_test_correct_filling,function,green,admissible,ported,
c-testsuite,00217.c,c_main,function,green,admissible,ported,
c-testsuite,00217.c,printf,function,green,admissible,declared,
c-testsuite,00217.c,t,global,green,admissible,ported,
c-testsuite,00218.c,blah,function,green,admissible,ported,
c-testsuite,00218.c,c_main,function,green,admissible,ported,
c-testsuite,00218.c,c_tree_code,enum,green,admissible,ported,
c-testsuite,00218.c,convert_like_real,function,green,admissible,ported,
c-testsuite,00218.c,cplus_tree_code,enum,green,admissible,ported,
c-testsuite,00218.c,printf,function,green,admissible,declared,
c-testsuite,00218.c,tree_code,enum,green,admissible,ported,
c-testsuite,00218.c,tree_common,record,green,admissible,ported,
c-testsuite,00218.c,tree_node,record,green,admissible,ported,
c-testsuite,00219.c,a,global,green,admissible,ported,
c-testsuite,00219.c,a_f,function,green,admissible,ported,
c-testsuite,00219.c,b,record,green,admissible,ported,
c-testsuite,00219.c,b_f,function,green,admissible,ported,
c-testsuite,00219.c,c_main,function,green,admissible,ported,
c-testsuite,00219.c,foo,function,green,admissible,ported,
c-testsuite,00220.c,c_main,function,green,admissible,ported,
