project,tus,inputs
aggregate-init.c,1,aggregate-init.c
array-params.c,1,array-params.c
array-self-ref-member-chain.c,1,array-self-ref-member-chain.c
array-self-ref-member-cross-param.c,1,array-self-ref-member-cross-param.c
array-self-ref-member.c,1,array-self-ref-member.c
arrays-multidim.c,1,arrays-multidim.c
bitfields-flags.c,1,bitfields-flags.c
bitfields-zeroextend.c,1,bitfields-zeroextend.c
bitwise.c,1,bitwise.c
byte-region-walk.c,1,byte-region-walk.c
char-constants.c,1,char-constants.c
compound-literals.c,1,compound-literals.c
compound-promote.c,1,compound-promote.c
cpp-basics.cpp,1,cpp-basics.cpp
cpp-method-chain.cpp,1,cpp-method-chain.cpp
cpp-method-chains.cpp,1,cpp-method-chains.cpp
cpp-methods-overload.cpp,1,cpp-methods-overload.cpp
cpp-methods.cpp,1,cpp-methods.cpp
cpp-references.cpp,1,cpp-references.cpp
cpp-stl-combined.cpp,1,cpp-stl-combined.cpp
cpp-this-fields.cpp,1,cpp-this-fields.cpp
enum-from-int.c,1,enum-from-int.c
enum-int.c,1,enum-int.c
float-literals.c,1,float-literals.c
float-negation.c,1,float-negation.c
float.c,1,float.c
fn-pointers.c,1,fn-pointers.c
fnptr-devirt.c,1,fnptr-devirt.c
fnptr-noproto-infer.c,1,fnptr-noproto-infer.c
fnptr-void-local.c,1,fnptr-void-local.c
func-name.c,1,func-name.c
globals-string.c,1,globals-string.c
globals-writeback-order.c,1,globals-writeback-order.c
globals.c,1,globals.c
goto.c,1,goto.c
incremental-builds.cpp,1,incremental-builds.cpp
inline.c,1,inline.c
lib-crate-external-caller.c,1,lib-crate-external-caller.c
lib-crate-externals-trait.c,1,lib-crate-externals-trait.c
libc-subset.c,1,libc-subset.c
linked-list.c,1,linked-list.c
loops.c,1,loops.c
lostcopy-min.c,1,lostcopy-min.c
lostcopy-nested-branch.c,1,lostcopy-nested-branch.c
lostcopy-rotations.c,1,lostcopy-rotations.c
malloc-stack.c,1,malloc-stack.c
math-sin.c,1,math-sin.c
missing-return-expect-carrier.c,1,missing-return-expect-carrier.c
multi-tu-gate-g1-fnptr-result-erasure.c,2,multi-tu-gate-g1-fnptr-result-erasure.c multi-tu-gate-g1-fnptr-result-erasure-e2e-other.c
multi-tu-gate-g3-owner-fallback.c,2,multi-tu-gate-g3-owner-fallback.c multi-tu-gate-g3-owner-fallback-e2e-other.c
multi-tu-gate-g5-region-api.c,2,multi-tu-gate-g5-region-api.c multi-tu-gate-g5-region-api-other.c
multi-tu-gate-g6-cellslice-fn-external.c,2,multi-tu-gate-g6-cellslice-fn-external.c multi-tu-gate-g6-cellslice-fn-external-e2e-other.c
multi-tu-gate-g8-ptr-global-external.c,2,multi-tu-gate-g8-ptr-global-external.c multi-tu-gate-g8-ptr-global-external-e2e-other.c
multi-tu-gate-g8-shared-header.c,2,multi-tu-gate-g8-shared-header.c multi-tu-gate-g8-shared-header-def.c
multi-tu.c,2,multi-tu.c multi-tu-lib.c
nonfinite.c,1,nonfinite.c
owner-index-return.c,1,owner-index-return.c
owners.c,1,owners.c
percent-s-param.c,1,percent-s-param.c
pointer-params.c,1,pointer-params.c
pointers-global-args.c,1,pointers-global-args.c
pointers-global.c,1,pointers-global.c
pointers-into-global.c,1,pointers-into-global.c
pointers-local.c,1,pointers-local.c
pointers-member-base.c,1,pointers-member-base.c
pointers-member.c,1,pointers-member.c
pointers-multi-base.c,1,pointers-multi-base.c
pointers-null-ternary.c,1,pointers-null-ternary.c
pointers-null.c,1,pointers-null.c
pointers-ptr-to-ptr.c,1,pointers-ptr-to-ptr.c
pointers-reinterpret.c,1,pointers-reinterpret.c
pointers-return-global.c,1,pointers-return-global.c
pointers-void.c,1,pointers-void.c
printf-formats.c,1,printf-formats.c
printf-user-defined-nonvariadic.c,1,printf-user-defined-nonvariadic.c
printf-user-defined.c,1,printf-user-defined.c
qualifiers.c,1,qualifiers.c
recover-partial.cpp,1,recover-partial.cpp
recursion.c,1,recursion.c
sprintf.c,1,sprintf.c
stdio-file-roundtrip.c,1,stdio-file-roundtrip.c
stdio-include.c,1,stdio-include.c
stl-string.cpp,1,stl-string.cpp
stl-vector.cpp,1,stl-vector.cpp
stmt-expr.c,1,stmt-expr.c
string-cursor.c,1,string-cursor.c
strings-exprs.c,1,strings-exprs.c
strings-hosted.c,1,strings-hosted.c
strings.c,1,strings.c
struct-tag-namespace.c,1,struct-tag-namespace.c
structs-anon-member.c,1,structs-anon-member.c
structs-anon.c,1,structs-anon.c
structs-nested.c,1,structs-nested.c
structs-shadow.c,1,structs-shadow.c
structs.c,1,structs.c
switch-dispatch.c,1,switch-dispatch.c
switch-enum.c,1,switch-enum.c
switch-general.c,1,switch-general.c
union-find.c,1,union-find.c
unions.c,1,unions.c
unsigned.c,1,unsigned.c
value-exprs.c,1,value-exprs.c
varargs-def.c,1,varargs-def.c
varargs-monomorph.c,1,varargs-monomorph.c
void-cast.c,1,void-cast.c
