corpus,project,mode,probes,wall_ms,graph_items,ported,builds
cpp-realworld,extern-plugin,off,0,43.4,7,7,1
cpp-realworld,extern-plugin,on,1,56.0,7,7,1
cpp-realworld,fixed-stats,off,0,70.3,11,11,1
cpp-realworld,fixed-stats,on,1,107.3,11,11,1
cpp-realworld,polygon,off,0,475.0,8,4,1
cpp-realworld,polygon,on,8,2063.9,8,4,1
cpp-realworld,ringbuf-lib,off,0,50.8,12,12,1
cpp-realworld,ringbuf-lib,on,1,71.1,12,12,1
cpp-realworld,shapes,off,0,87.5,7,1,1
cpp-realworld,shapes,on,2,133.8,7,1,1
cpp-realworld,tokenizer,off,0,77.1,5,5,1
cpp-realworld,tokenizer,on,1,111.9,5,5,1
c-realworld,argv-echo,off,0,44.7,1,0,1
c-realworld,argv-echo,on,2,57.9,1,0,1
c-realworld,base64,off,0,48.4,1,1,1
c-realworld,base64,on,1,54.8,1,1,1
c-realworld,binary-tree,off,0,48.8,4,1,1
c-realworld,binary-tree,on,4,91.7,4,1,1
c-realworld,calc,off,0,46.9,4,4,1
c-realworld,calc,on,1,57.4,4,4,1
c-realworld,crc32,off,0,44.6,2,2,1
c-realworld,crc32,on,1,61.8,2,2,1
c-realworld,expr-eval,off,0,52.4,6,0,1
c-realworld,expr-eval,on,8,124.5,6,0,1
c-realworld,grep-lite,off,0,41.3,1,0,1
c-realworld,grep-lite,on,2,59.5,1,0,1
c-realworld,linked-list,off,0,45.0,2,2,1
c-realworld,linked-list,on,1,67.1,2,2,1
c-realworld,logger,off,0,47.7,3,3,1
c-realworld,logger,on,1,57.4,3,3,1
c-realworld,malloc-stack,off,0,50.8,1,1,1
c-realworld,malloc-stack,on,1,56.7,1,1,1
c-realworld,sieve,off,0,45.0,1,1,1
c-realworld,sieve,on,1,54.0,1,1,1
c-realworld,union-find,off,0,49.6,6,2,1
c-realworld,union-find,on,1,61.1,6,2,1
c-realworld,word-count,off,0,45.0,1,1,1
c-realworld,word-count,on,1,53.5,1,1,1
endtoend,aggregate-init.c,off,0,50.6,14,14,1
endtoend,aggregate-init.c,on,1,64.9,14,14,1
endtoend,array-params.c,off,0,36.6,8,8,1
endtoend,array-params.c,on,1,46.0,8,8,1
endtoend,array-self-ref-member-chain.c,off,0,40.5,5,2,1
endtoend,array-self-ref-member-chain.c,on,1,48.9,5,2,1
endtoend,array-self-ref-member-cross-param.c,off,0,40.9,6,2,1
endtoend,array-self-ref-member-cross-param.c,on,1,47.6,6,2,1
endtoend,array-self-ref-member.c,off,0,36.8,4,2,1
endtoend,array-self-ref-member.c,on,1,42.5,4,2,1
endtoend,arrays-multidim.c,off,0,39.8,2,2,1
endtoend,arrays-multidim.c,on,1,50.5,2,2,1
endtoend,bitfields-flags.c,off,0,34.3,3,3,1
endtoend,bitfields-flags.c,on,1,44.4,3,3,1
endtoend,bitfields-zeroextend.c,off,0,40.3,8,8,1
endtoend,bitfields-zeroextend.c,on,1,43.2,8,8,1
endtoend,bitwise.c,off,0,38.8,6,6,1
endtoend,bitwise.c,on,1,44.7,6,6,1
endtoend,byte-region-walk.c,off,0,53.9,11,6,1
endtoend,byte-region-walk.c,on,1,67.0,11,6,1
endtoend,char-constants.c,off,0,39.1,2,2,1
endtoend,char-constants.c,on,1,45.8,2,2,1
endtoend,compound-literals.c,off,0,48.4,6,6,1
endtoend,compound-literals.c,on,1,59.2,6,6,1
endtoend,compound-promote.c,off,0,41.6,8,8,1
endtoend,compound-promote.c,on,1,50.5,8,8,1
endtoend,cpp-basics.cpp,off,0,37.5,8,8,1
endtoend,cpp-basics.cpp,on,1,41.0,8,8,1
endtoend,cpp-method-chain.cpp,off,0,46.9,3,3,1
endtoend,cpp-method-chain.cpp,on,1,49.0,3,3,1
endtoend,cpp-method-chains.cpp,off,0,39.2,2,2,1
endtoend,cpp-method-chains.cpp,on,1,43.6,2,2,1
endtoend,cpp-methods-overload.cpp,off,0,36.5,2,2,1
endtoend,cpp-methods-overload.cpp,on,1,41.5,2,2,1
endtoend,cpp-methods.cpp,off,0,39.4,3,3,1
endtoend,cpp-methods.cpp,on,1,40.4,3,3,1
endtoend,cpp-references.cpp,off,0,46.0,11,11,1
endtoend,cpp-references.cpp,on,1,53.8,11,11,1
endtoend,cpp-stl-combined.cpp,off,0,427.6,2,2,1
endtoend,cpp-stl-combined.cpp,on,1,581.7,2,2,1
endtoend,cpp-this-fields.cpp,off,0,32.8,2,2,1
endtoend,cpp-this-fields.cpp,on,1,41.6,2,2,1
endtoend,enum-from-int.c,off,0,37.7,4,4,1
endtoend,enum-from-int.c,on,1,44.4,4,4,1
endtoend,enum-int.c,off,0,34.6,3,3,1
endtoend,enum-int.c,on,1,40.6,3,3,1
endtoend,float-literals.c,off,0,35.6,3,3,1
endtoend,float-literals.c,on,1,38.4,3,3,1
endtoend,float-negation.c,off,0,39.7,3,3,1
endtoend,float-negation.c,on,1,41.4,3,3,1
endtoend,float.c,off,0,38.1,2,2,1
endtoend,float.c,on,1,47.5,2,2,1
endtoend,fn-pointers.c,off,0,39.2,11,11,1
endtoend,fn-pointers.c,on,1,43.8,11,11,1
endtoend,fnptr-devirt.c,off,0,50.3,4,2,1
endtoend,fnptr-devirt.c,on,1,63.8,4,2,1
endtoend,fnptr-noproto-infer.c,off,0,41.6,6,6,1
endtoend,fnptr-noproto-infer.c,on,1,40.8,6,6,1
endtoend,fnptr-void-local.c,off,0,41.3,3,3,1
endtoend,fnptr-void-local.c,on,1,63.8,3,3,1
endtoend,func-name.c,off,0,40.9,4,4,1
endtoend,func-name.c,on,1,38.5,4,4,1
endtoend,globals-string.c,off,0,46.5,7,7,1
endtoend,globals-string.c,on,1,47.8,7,7,1
endtoend,globals-writeback-order.c,off,0,33.6,15,15,1
endtoend,globals-writeback-order.c,on,1,48.2,15,15,1
endtoend,globals.c,off,0,40.3,11,11,1
endtoend,globals.c,on,1,44.8,11,11,1
endtoend,goto.c,off,0,39.6,7,7,1
endtoend,goto.c,on,1,44.1,7,7,1
endtoend,incremental-builds.cpp,off,0,37.4,6,3,1
endtoend,incremental-builds.cpp,on,2,41.4,6,3,1
endtoend,inline.c,off,0,35.9,5,5,1
endtoend,inline.c,on,1,39.2,5,5,1
endtoend,lib-crate-external-caller.c,off,0,39.1,8,8,1
endtoend,lib-crate-external-caller.c,on,1,37.6,8,8,1
endtoend,lib-crate-externals-trait.c,off,0,35.6,3,3,1
endtoend,lib-crate-externals-trait.c,on,1,37.2,3,3,1
endtoend,libc-subset.c,off,0,79.9,2,2,1
endtoend,libc-subset.c,on,1,101.1,2,2,1
endtoend,linked-list.c,off,0,57.2,2,2,1
endtoend,linked-list.c,on,1,64.6,2,2,1
endtoend,loops.c,off,0,38.2,1,1,1
endtoend,loops.c,on,1,37.4,1,1,1
endtoend,lostcopy-min.c,off,0,34.1,1,1,1
endtoend,lostcopy-min.c,on,1,40.8,1,1,1
endtoend,lostcopy-nested-branch.c,off,0,42.2,3,3,1
endtoend,lostcopy-nested-branch.c,on,1,44.2,3,3,1
endtoend,lostcopy-rotations.c,off,0,35.7,5,5,1
endtoend,lostcopy-rotations.c,on,1,48.9,5,5,1
endtoend,malloc-stack.c,off,0,43.3,1,1,1
endtoend,malloc-stack.c,on,1,53.5,1,1,1
endtoend,math-sin.c,off,0,59.9,1,1,1
endtoend,math-sin.c,on,1,77.7,1,1,1
endtoend,missing-return-expect-carrier.c,off,0,24.9,5,5,1
endtoend,missing-return-expect-carrier.c,on,1,46.6,5,5,1
endtoend,multi-tu-gate-g1-fnptr-result-erasure.c,off,0,40.9,7,7,1
endtoend,multi-tu-gate-g1-fnptr-result-erasure.c,on,1,49.6,7,7,1
endtoend,multi-tu-gate-g3-owner-fallback.c,off,0,39.9,5,2,1
endtoend,multi-tu-gate-g3-owner-fallback.c,on,1,45.4,5,2,1
endtoend,multi-tu-gate-g5-region-api.c,off,0,41.3,4,4,1
endtoend,multi-tu-gate-g5-region-api.c,on,1,48.7,4,4,1
endtoend,multi-tu-gate-g6-cellslice-fn-external.c,off,0,38.8,5,5,1
endtoend,multi-tu-gate-g6-cellslice-fn-external.c,on,1,48.7,5,5,1
endtoend,multi-tu-gate-g8-ptr-global-external.c,off,0,43.9,5,5,1
endtoend,multi-tu-gate-g8-ptr-global-external.c,on,1,54.8,5,5,1
endtoend,multi-tu-gate-g8-shared-header.c,off,0,46.2,4,4,1
endtoend,multi-tu-gate-g8-shared-header.c,on,1,46.9,4,4,1
endtoend,multi-tu.c,off,0,39.7,6,6,1
endtoend,multi-tu.c,on,1,50.0,6,6,1
endtoend,nonfinite.c,off,0,34.6,2,2,1
endtoend,nonfinite.c,on,1,39.3,2,2,1
endtoend,owner-index-return.c,off,0,38.5,2,1,1
endtoend,owner-index-return.c,on,1,43.0,2,1,1
endtoend,owners.c,off,0,40.4,4,1,1
endtoend,owners.c,on,1,47.5,4,1,1
endtoend,percent-s-param.c,off,0,36.2,3,3,1
endtoend,percent-s-param.c,on,1,37.5,3,3,1
endtoend,pointer-params.c,off,0,31.6,5,5,1
endtoend,pointer-params.c,on,1,48.7,5,5,1
endtoend,pointers-global-args.c,off,0,41.2,7,7,1
endtoend,pointers-global-args.c,on,1,48.9,7,7,1
endtoend,pointers-global.c,off,0,41.5,15,13,1
endtoend,pointers-global.c,on,1,53.0,15,13,1
endtoend,pointers-into-global.c,off,0,40.9,6,6,1
endtoend,pointers-into-global.c,on,1,47.6,6,6,1
endtoend,pointers-local.c,off,0,35.1,1,1,1
endtoend,pointers-local.c,on,1,42.7,1,1,1
endtoend,pointers-member-base.c,off,0,37.1,3,3,1
endtoend,pointers-member-base.c,on,1,42.3,3,3,1
endtoend,pointers-member.c,off,0,45.1,11,10,1
endtoend,pointers-member.c,on,1,55.3,11,10,1
endtoend,pointers-multi-base.c,off,0,41.8,4,4,1
endtoend,pointers-multi-base.c,on,1,54.0,4,4,1
endtoend,pointers-null-ternary.c,off,0,36.0,1,1,1
endtoend,pointers-null-ternary.c,on,1,40.0,1,1,1
endtoend,pointers-null.c,off,0,35.7,1,1,1
endtoend,pointers-null.c,on,1,43.3,1,1,1
endtoend,pointers-ptr-to-ptr.c,off,0,38.4,1,1,1
endtoend,pointers-ptr-to-ptr.c,on,1,40.5,1,1,1
endtoend,pointers-reinterpret.c,off,0,40.1,2,2,1
endtoend,pointers-reinterpret.c,on,1,41.5,2,2,1
endtoend,pointers-return-global.c,off,0,36.0,6,6,1
endtoend,pointers-return-global.c,on,1,41.1,6,6,1
endtoend,pointers-void.c,off,0,38.9,1,1,1
endtoend,pointers-void.c,on,1,41.6,1,1,1
endtoend,printf-formats.c,off,0,41.8,1,1,1
endtoend,printf-formats.c,on,1,50.2,1,1,1
endtoend,printf-user-defined-nonvariadic.c,off,0,33.3,2,2,1
endtoend,printf-user-defined-nonvariadic.c,on,1,37.9,2,2,1
endtoend,printf-user-defined.c,off,0,33.8,3,3,1
endtoend,printf-user-defined.c,on,1,43.2,3,3,1
endtoend,qualifiers.c,off,0,38.1,9,8,1
endtoend,qualifiers.c,on,1,43.6,9,8,1
endtoend,recover-partial.cpp,off,0,34.5,6,3,1
endtoend,recover-partial.cpp,on,8,73.1,6,3,1
endtoend,recursion.c,off,0,34.6,4,4,1
endtoend,recursion.c,on,1,46.0,4,4,1
endtoend,sprintf.c,off,0,44.4,1,1,1
endtoend,sprintf.c,on,1,55.4,1,1,1
endtoend,stdio-file-roundtrip.c,off,0,43.3,1,1,1
endtoend,stdio-file-roundtrip.c,on,1,61.1,1,1,1
endtoend,stdio-include.c,off,0,46.7,2,2,1
endtoend,stdio-include.c,on,1,51.7,2,2,1
endtoend,stl-string.cpp,off,0,368.7,3,3,1
endtoend,stl-string.cpp,on,1,501.4,3,3,1
endtoend,stl-vector.cpp,off,0,280.9,2,2,1
endtoend,stl-vector.cpp,on,1,386.4,2,2,1
endtoend,stmt-expr.c,off,0,40.3,3,3,1
endtoend,stmt-expr.c,on,1,55.7,3,3,1
endtoend,string-cursor.c,off,0,34.7,1,1,1
endtoend,string-cursor.c,on,1,48.1,1,1,1
endtoend,strings-exprs.c,off,0,39.9,3,3,1
endtoend,strings-exprs.c,on,1,46.2,3,3,1
endtoend,strings-hosted.c,off,0,46.6,1,1,1
endtoend,strings-hosted.c,on,1,59.9,1,1,1
endtoend,strings.c,off,0,34.7,3,3,1
endtoend,strings.c,on,1,39.4,3,3,1
endtoend,struct-tag-namespace.c,off,0,35.8,5,5,1
endtoend,struct-tag-namespace.c,on,1,41.8,5,5,1
endtoend,structs-anon-member.c,off,0,37.2,6,6,1
endtoend,structs-anon-member.c,on,1,42.0,6,6,1
endtoend,structs-anon.c,off,0,33.9,4,4,1
endtoend,structs-anon.c,on,1,43.3,4,4,1
endtoend,structs-nested.c,off,0,35.9,5,5,1
endtoend,structs-nested.c,on,1,42.3,5,5,1
endtoend,structs-shadow.c,off,0,37.1,4,4,1
endtoend,structs-shadow.c,on,1,40.0,4,4,1
endtoend,structs.c,off,0,39.0,4,4,1
endtoend,structs.c,on,1,46.3,4,4,1
endtoend,switch-dispatch.c,off,0,46.9,6,6,1
endtoend,switch-dispatch.c,on,1,63.0,6,6,1
endtoend,switch-enum.c,off,0,37.2,4,4,1
endtoend,switch-enum.c,on,1,42.4,4,4,1
endtoend,switch-general.c,off,0,47.6,7,7,1
endtoend,switch-general.c,on,1,64.5,7,7,1
endtoend,union-find.c,off,0,45.8,6,2,1
endtoend,union-find.c,on,1,61.0,6,2,1
endtoend,unions.c,off,0,37.1,8,8,1
endtoend,unions.c,on,1,41.8,8,8,1
endtoend,unsigned.c,off,0,40.4,17,17,1
endtoend,unsigned.c,on,1,59.9,17,17,1
endtoend,value-exprs.c,off,0,41.6,8,8,1
endtoend,value-exprs.c,on,1,52.7,8,8,1
endtoend,varargs-def.c,off,0,34.9,4,4,1
endtoend,varargs-def.c,on,1,44.9,4,4,1
endtoend,varargs-monomorph.c,off,0,49.7,6,5,1
endtoend,varargs-monomorph.c,on,1,74.5,6,5,1
endtoend,void-cast.c,off,0,32.3,3,3,1
endtoend,void-cast.c,on,1,43.5,3,3,1
c-testsuite,00001.c,off,0,35.4,1,1,1
c-testsuite,00001.c,on,1,33.0,1,1,1
c-testsuite,00002.c,off,0,30.8,1,1,1
c-testsuite,00002.c,on,1,36.2,1,1,1
c-testsuite,00003.c,off,0,27.9,1,1,1
c-testsuite,00003.c,on,1,40.1,1,1,1
c-testsuite,00004.c,off,0,37.1,1,1,1
c-testsuite,00004.c,on,1,35.5,1,1,1
c-testsuite,00005.c,off,0,27.8,1,1,1
c-testsuite,00005.c,on,1,39.3,1,1,1
c-testsuite,00006.c,off,0,33.5,1,1,1
c-testsuite,00006.c,on,1,41.3,1,1,1
c-testsuite,00007.c,off,0,39.5,1,1,1
c-testsuite,00007.c,on,1,39.1,1,1,1
c-testsuite,00008.c,off,0,33.8,1,1,1
c-testsuite,00008.c,on,1,40.0,1,1,1
c-testsuite,00009.c,off,0,33.8,1,1,1
c-testsuite,00009.c,on,1,36.7,1,1,1
c-testsuite,00010.c,off,0,33.1,1,1,1
c-testsuite,00010.c,on,1,35.7,1,1,1
c-testsuite,00011.c,off,0,35.4,1,1,1
c-testsuite,00011.c,on,1,38.4,1,1,1
c-testsuite,00012.c,off,0,31.2,1,1,1
c-testsuite,00012.c,on,1,34.9,1,1,1
c-testsuite,00013.c,off,0,33.1,1,1,1
c-testsuite,00013.c,on,1,40.4,1,1,1
c-testsuite,00014.c,off,0,32.7,1,1,1
c-testsuite,00014.c,on,1,36.4,1,1,1
c-testsuite,00015.c,off,0,31.2,1,1,1
c-testsuite,00015.c,on,1,31.2,1,1,1
c-testsuite,00016.c,off,0,30.6,1,1,1
c-testsuite,00016.c,on,1,36.1,1,1,1
c-testsuite,00017.c,off,0,34.2,1,1,1
c-testsuite,00017.c,on,1,34.4,1,1,1
c-testsuite,00018.c,off,0,29.5,1,1,1
c-testsuite,00018.c,on,1,37.6,1,1,1
c-testsuite,00019.c,off,0,31.5,1,1,1
c-testsuite,00019.c,on,1,31.9,1,1,1
c-testsuite,00020.c,off,0,31.8,1,1,1
c-testsuite,00020.c,on,1,34.6,1,1,1
c-testsuite,00021.c,off,0,34.9,2,2,1
c-testsuite,00021.c,on,1,37.3,2,2,1
c-testsuite,00022.c,off,0,34.2,1,1,1
c-testsuite,00022.c,on,1,35.9,1,1,1
c-testsuite,00023.c,off,0,32.4,2,2,1
c-testsuite,00023.c,on,1,39.0,2,2,1
c-testsuite,00024.c,off,0,34.4,3,3,1
c-testsuite,00024.c,on,1,34.6,3,3,1
c-testsuite,00025.c,off,0,33.8,1,1,1
c-testsuite,00025.c,on,1,39.8,1,1,1
c-testsuite,00026.c,off,0,38.0,1,1,1
c-testsuite,00026.c,on,1,37.6,1,1,1
c-testsuite,00027.c,off,0,34.0,1,1,1
c-testsuite,00027.c,on,1,37.1,1,1,1
c-testsuite,00028.c,off,0,27.6,1,1,1
c-testsuite,00028.c,on,1,37.9,1,1,1
c-testsuite,00029.c,off,0,32.3,1,1,1
c-testsuite,00029.c,on,1,34.0,1,1,1
c-testsuite,00030.c,off,0,39.4,2,2,1
c-testsuite,00030.c,on,1,38.1,2,2,1
c-testsuite,00031.c,off,0,35.4,3,3,1
c-testsuite,00031.c,on,1,46.9,3,3,1
c-testsuite,00032.c,off,0,35.9,1,1,1
c-testsuite,00032.c,on,1,39.2,1,1,1
c-testsuite,00033.c,off,0,30.0,3,3,1
c-testsuite,00033.c,on,1,42.5,3,3,1
c-testsuite,00034.c,off,0,30.8,1,1,1
c-testsuite,00034.c,on,1,43.0,1,1,1
c-testsuite,00035.c,off,0,38.3,1,1,1
c-testsuite,00035.c,on,1,37.3,1,1,1
c-testsuite,00036.c,off,0,34.3,1,1,1
c-testsuite,00036.c,on,1,35.6,1,1,1
c-testsuite,00037.c,off,0,33.2,1,1,1
c-testsuite,00037.c,on,1,39.5,1,1,1
c-testsuite,00038.c,off,0,20.6,1,1,1
c-testsuite,00038.c,on,1,36.4,1,1,1
c-testsuite,00039.c,off,0,37.2,1,1,1
c-testsuite,00039.c,on,1,37.4,1,1,1
c-testsuite,00040.c,off,0,47.6,5,5,1
c-testsuite,00040.c,on,1,61.2,5,5,1
c-testsuite,00041.c,off,0,35.3,1,1,1
c-testsuite,00041.c,on,1,39.7,1,1,1
c-testsuite,00042.c,off,0,34.0,1,1,1
c-testsuite,00042.c,on,1,37.4,1,1,1
c-testsuite,00043.c,off,0,33.2,2,2,1
c-testsuite,00043.c,on,1,35.2,2,2,1
c-testsuite,00044.c,off,0,32.6,2,2,1
c-testsuite,00044.c,on,1,37.2,2,2,1
c-testsuite,00045.c,off,0,32.6,4,3,1
c-testsuite,00045.c,on,1,37.8,4,3,1
c-testsuite,00046.c,off,0,32.4,2,2,1
c-testsuite,00046.c,on,1,44.9,2,2,1
c-testsuite,00047.c,off,0,31.2,2,2,1
c-testsuite,00047.c,on,1,37.6,2,2,1
c-testsuite,00048.c,off,0,30.5,3,3,1
c-testsuite,00048.c,on,1,36.9,3,3,1
c-testsuite,00049.c,off,0,35.9,4,4,1
c-testsuite,00049.c,on,1,43.8,4,4,1
c-testsuite,00050.c,off,0,33.5,4,4,1
c-testsuite,00050.c,on,1,42.1,4,4,1
c-testsuite,00051.c,off,0,31.9,2,2,1
c-testsuite,00051.c,on,1,36.8,2,2,1
c-testsuite,00052.c,off,0,29.1,1,1,1
c-testsuite,00052.c,on,1,39.2,1,1,1
c-testsuite,00053.c,off,0,34.2,1,1,1
c-testsuite,00053.c,on,1,34.4,1,1,1
c-testsuite,00054.c,off,0,32.6,2,2,1
c-testsuite,00054.c,on,1,35.9,2,2,1
c-testsuite,00055.c,off,0,28.2,2,2,1
c-testsuite,00055.c,on,1,41.0,2,2,1
c-testsuite,00056.c,off,0,40.5,1,1,1
c-testsuite,00056.c,on,1,53.3,1,1,1
c-testsuite,00057.c,off,0,34.7,1,1,1
c-testsuite,00057.c,on,1,36.6,1,1,1
c-testsuite,00058.c,off,0,34.9,1,1,1
c-testsuite,00058.c,on,1,38.7,1,1,1
c-testsuite,00059.c,off,0,25.0,1,1,1
c-testsuite,00059.c,on,1,36.7,1,1,1
c-testsuite,00060.c,off,0,30.5,1,1,1
c-testsuite,00060.c,on,1,38.5,1,1,1
c-testsuite,00061.c,off,0,35.7,1,1,1
c-testsuite,00061.c,on,1,34.0,1,1,1
c-testsuite,00062.c,off,0,33.4,2,2,1
c-testsuite,00062.c,on,1,32.3,2,2,1
c-testsuite,00063.c,off,0,31.7,2,2,1
c-testsuite,00063.c,on,1,39.6,2,2,1
c-testsuite,00064.c,off,0,35.0,1,1,1
c-testsuite,00064.c,on,1,38.1,1,1,1
c-testsuite,00065.c,off,0,33.8,1,1,1
c-testsuite,00065.c,on,1,36.2,1,1,1
c-testsuite,00066.c,off,0,32.5,1,1,1
c-testsuite,00066.c,on,1,34.1,1,1,1
c-testsuite,00067.c,off,0,29.3,2,2,1
c-testsuite,00067.c,on,1,32.2,2,2,1
c-testsuite,00068.c,off,0,35.5,2,2,1
c-testsuite,00068.c,on,1,35.6,2,2,1
c-testsuite,00069.c,off,0,32.0,2,2,1
c-testsuite,00069.c,on,1,35.3,2,2,1
c-testsuite,00070.c,off,0,28.6,2,2,1
c-testsuite,00070.c,on,1,39.3,2,2,1
c-testsuite,00071.c,off,0,33.6,1,1,1
c-testsuite,00071.c,on,1,35.0,1,1,1
c-testsuite,00072.c,off,0,31.7,1,1,1
c-testsuite,00072.c,on,1,34.6,1,1,1
c-testsuite,00073.c,off,0,31.6,1,1,1
c-testsuite,00073.c,on,1,34.7,1,1,1
c-testsuite,00074.c,off,0,32.5,2,2,1
c-testsuite,00074.c,on,1,33.2,2,2,1
c-testsuite,00075.c,off,0,29.3,1,1,1
c-testsuite,00075.c,on,1,34.8,1,1,1
c-testsuite,00076.c,off,0,31.4,1,1,1
c-testsuite,00076.c,on,1,37.2,1,1,1
c-testsuite,00077.c,off,0,32.7,2,2,1
c-testsuite,00077.c,on,1,40.1,2,2,1
c-testsuite,00078.c,off,0,33.1,2,2,1
c-testsuite,00078.c,on,1,36.5,2,2,1
c-testsuite,00079.c,off,0,33.7,1,1,1
c-testsuite,00079.c,on,1,34.9,1,1,1
c-testsuite,00080.c,off,0,35.5,2,2,1
c-testsuite,00080.c,on,1,33.9,2,2,1
c-testsuite,00081.c,off,0,32.9,1,1,1
c-testsuite,00081.c,on,1,34.8,1,1,1
c-testsuite,00082.c,off,0,33.2,1,1,1
c-testsuite,00082.c,on,1,37.2,1,1,1
c-testsuite,00083.c,off,0,37.5,4,4,1
c-testsuite,00083.c,on,1,39.4,4,4,1
c-testsuite,00084.c,off,0,33.2,5,5,1
c-testsuite,00084.c,on,1,38.0,5,5,1
c-testsuite,00085.c,off,0,31.3,1,1,1
c-testsuite,00085.c,on,1,39.1,1,1,1
c-testsuite,00086.c,off,0,38.9,1,1,1
c-testsuite,00086.c,on,1,32.8,1,1,1
c-testsuite,00087.c,off,0,35.7,3,3,1
c-testsuite,00087.c,on,1,39.9,3,3,1
c-testsuite,00088.c,off,0,33.7,2,2,1
c-testsuite,00088.c,on,1,38.3,2,2,1
c-testsuite,00089.c,off,0,37.4,6,6,1
c-testsuite,00089.c,on,1,41.8,6,6,1
c-testsuite,00090.c,off,0,34.2,2,2,1
c-testsuite,00090.c,on,1,39.0,2,2,1
c-testsuite,00091.c,off,0,33.5,3,3,1
c-testsuite,00091.c,on,1,30.9,3,3,1
c-testsuite,00092.c,off,0,36.3,2,2,1
c-testsuite,00092.c,on,1,37.1,2,2,1
c-testsuite,00093.c,off,0,31.1,2,2,1
c-testsuite,00093.c,on,1,40.2,2,2,1
c-testsuite,00094.c,off,0,31.5,1,1,1
c-testsuite,00094.c,on,1,34.4,1,1,1
c-testsuite,00095.c,off,0,29.7,3,3,1
c-testsuite,00095.c,on,1,38.3,3,3,1
c-testsuite,00096.c,off,0,33.5,2,2,1
c-testsuite,00096.c,on,1,34.7,2,2,1
c-testsuite,00097.c,off,0,32.7,1,1,1
c-testsuite,00097.c,on,1,34.5,1,1,1
c-testsuite,00098.c,off,0,32.0,1,1,1
c-testsuite,00098.c,on,1,38.2,1,1,1
c-testsuite,00099.c,off,0,33.9,3,3,1
c-testsuite,00099.c,on,1,37.9,3,3,1
c-testsuite,00100.c,off,0,31.4,2,2,1
c-testsuite,00100.c,on,1,36.8,2,2,1
c-testsuite,00101.c,off,0,34.7,1,1,1
c-testsuite,00101.c,on,1,35.6,1,1,1
c-testsuite,00102.c,off,0,34.2,1,1,1
c-testsuite,00102.c,on,1,35.6,1,1,1
c-testsuite,00103.c,off,0,39.0,1,1,1
c-testsuite,00103.c,on,1,38.8,1,1,1
c-testsuite,00104.c,off,0,40.8,1,1,1
c-testsuite,00104.c,on,1,43.9,1,1,1
c-testsuite,00105.c,off,0,34.4,1,1,1
c-testsuite,00105.c,on,1,31.0,1,1,1
c-testsuite,00106.c,off,0,30.7,3,3,1
c-testsuite,00106.c,on,1,33.6,3,3,1
c-testsuite,00107.c,off,0,30.5,2,2,1
c-testsuite,00107.c,on,1,37.1,2,2,1
c-testsuite,00108.c,off,0,31.7,1,1,1
c-testsuite,00108.c,on,1,36.0,1,1,1
c-testsuite,00109.c,off,0,31.0,1,1,1
c-testsuite,00109.c,on,1,35.7,1,1,1
c-testsuite,00110.c,off,0,28.3,2,2,1
c-testsuite,00110.c,on,1,34.2,2,2,1
c-testsuite,00111.c,off,0,29.8,1,1,1
c-testsuite,00111.c,on,1,37.5,1,1,1
c-testsuite,00112.c,off,0,28.1,1,1,1
c-testsuite,00112.c,on,1,34.4,1,1,1
c-testsuite,00113.c,off,0,36.1,1,1,1
c-testsuite,00113.c,on,1,29.6,1,1,1
c-testsuite,00114.c,off,0,32.4,1,1,1
c-testsuite,00114.c,on,1,35.1,1,1,1
c-testsuite,00115.c,off,0,31.7,2,2,1
c-testsuite,00115.c,on,1,40.9,2,2,1
c-testsuite,00116.c,off,0,30.4,2,2,1
c-testsuite,00116.c,on,1,36.6,2,2,1
c-testsuite,00117.c,off,0,34.4,1,1,1
c-testsuite,00117.c,on,1,36.9,1,1,1
c-testsuite,00118.c,off,0,32.6,1,1,1
c-testsuite,00118.c,on,1,34.7,1,1,1
c-testsuite,00119.c,off,0,32.5,2,2,1
c-testsuite,00119.c,on,1,35.1,2,2,1
c-testsuite,00120.c,off,0,31.3,2,2,1
c-testsuite,00120.c,on,1,31.5,2,2,1
c-testsuite,00121.c,off,0,36.9,4,4,1
c-testsuite,00121.c,on,1,36.9,4,4,1
c-testsuite,00122.c,off,0,32.3,1,1,1
c-testsuite,00122.c,on,1,31.1,1,1,1
c-testsuite,00123.c,off,0,34.1,2,2,1
c-testsuite,00123.c,on,1,36.0,2,2,1
c-testsuite,00124.c,off,0,31.2,3,3,1
c-testsuite,00124.c,on,1,38.4,3,3,1
c-testsuite,00125.c,off,0,44.2,1,1,1
c-testsuite,00125.c,on,1,43.9,1,1,1
c-testsuite,00126.c,off,0,33.3,1,1,1
c-testsuite,00126.c,on,1,40.8,1,1,1
c-testsuite,00127.c,off,0,31.4,2,2,1
c-testsuite,00127.c,on,1,35.3,2,2,1
c-testsuite,00128.c,off,0,36.6,12,12,1
c-testsuite,00128.c,on,1,43.3,12,12,1
c-testsuite,00129.c,off,0,31.9,3,3,1
c-testsuite,00129.c,on,1,30.9,3,3,1
c-testsuite,00130.c,off,0,31.1,1,1,1
c-testsuite,00130.c,on,1,42.6,1,1,1
c-testsuite,00131.c,off,0,34.5,1,1,1
c-testsuite,00131.c,on,1,47.2,1,1,1
c-testsuite,00132.c,off,0,44.4,1,1,1
c-testsuite,00132.c,on,1,58.4,1,1,1
c-testsuite,00133.c,off,0,36.9,1,1,1
c-testsuite,00133.c,on,1,37.9,1,1,1
c-testsuite,00134.c,off,0,31.5,1,1,1
c-testsuite,00134.c,on,1,38.5,1,1,1
c-testsuite,00135.c,off,0,34.0,1,1,1
c-testsuite,00135.c,on,1,41.3,1,1,1
c-testsuite,00136.c,off,0,34.5,9,9,1
c-testsuite,00136.c,on,1,35.3,9,9,1
c-testsuite,00137.c,off,0,29.1,1,1,1
c-testsuite,00137.c,on,1,39.3,1,1,1
c-testsuite,00138.c,off,0,35.4,1,1,1
c-testsuite,00138.c,on,1,40.1,1,1,1
c-testsuite,00139.c,off,0,36.8,1,1,1
c-testsuite,00139.c,on,1,31.1,1,1,1
c-testsuite,00140.c,off,0,33.2,3,3,1
c-testsuite,00140.c,on,1,48.4,3,3,1
c-testsuite,00141.c,off,0,34.4,1,1,1
c-testsuite,00141.c,on,1,38.1,1,1,1
c-testsuite,00142.c,off,0,33.6,2,2,1
c-testsuite,00142.c,on,1,35.4,2,2,1
c-testsuite,00143.c,off,0,37.9,1,1,1
c-testsuite,00143.c,on,1,45.9,1,1,1
c-testsuite,00144.c,off,0,35.0,1,1,1
c-testsuite,00144.c,on,1,37.9,1,1,1
c-testsuite,00145.c,off,0,32.3,1,1,1
c-testsuite,00145.c,on,1,37.7,1,1,1
c-testsuite,00146.c,off,0,29.2,3,3,1
c-testsuite,00146.c,on,1,33.4,3,3,1
c-testsuite,00147.c,off,0,33.7,2,2,1
c-testsuite,00147.c,on,1,39.1,2,2,1
c-testsuite,00148.c,off,0,35.0,3,3,1
c-testsuite,00148.c,on,1,38.3,3,3,1
c-testsuite,00149.c,off,0,34.1,3,2,1
c-testsuite,00149.c,on,1,37.0,3,2,1
c-testsuite,00150.c,off,0,36.8,5,4,1
c-testsuite,00150.c,on,1,41.0,5,4,1
c-testsuite,00151.c,off,0,33.7,2,2,1
c-testsuite,00151.c,on,1,35.4,2,2,1
c-testsuite,00152.c,off,0,31.7,1,1,1
c-testsuite,00152.c,on,1,36.7,1,1,1
c-testsuite,00153.c,off,0,31.7,2,2,1
c-testsuite,00153.c,on,1,36.8,2,2,1
c-testsuite,00154.c,off,0,43.7,2,2,1
c-testsuite,00154.c,on,1,49.1,2,2,1
c-testsuite,00155.c,off,0,32.9,1,1,1
c-testsuite,00155.c,on,1,36.0,1,1,1
c-testsuite,00156.c,off,0,43.2,1,1,1
c-testsuite,00156.c,on,1,52.9,1,1,1
c-testsuite,00157.c,off,0,44.8,1,1,1
c-testsuite,00157.c,on,1,50.7,1,1,1
c-testsuite,00158.c,off,0,50.0,1,1,1
c-testsuite,00158.c,on,1,62.4,1,1,1
c-testsuite,00159.c,off,0,46.5,5,5,1
c-testsuite,00159.c,on,1,51.7,5,5,1
c-testsuite,00160.c,off,0,43.5,1,1,1
c-testsuite,00160.c,on,1,51.4,1,1,1
c-testsuite,00161.c,off,0,44.1,1,1,1
c-testsuite,00161.c,on,1,51.0,1,1,1
c-testsuite,00162.c,off,0,32.3,2,2,1
c-testsuite,00162.c,on,1,42.4,2,2,1
c-testsuite,00163.c,off,0,47.8,3,3,1
c-testsuite,00163.c,on,1,47.2,3,3,1
c-testsuite,00164.c,off,0,47.6,1,1,1
c-testsuite,00164.c,on,1,53.8,1,1,1
c-testsuite,00165.c,off,0,43.5,1,1,1
c-testsuite,00165.c,on,1,45.5,1,1,1
c-testsuite,00166.c,off,0,46.1,1,1,1
c-testsuite,00166.c,on,1,51.7,1,1,1
c-testsuite,00167.c,off,0,46.6,1,1,1
c-testsuite,00167.c,on,1,50.0,1,1,1
c-testsuite,00168.c,off,0,40.4,2,2,1
c-testsuite,00168.c,on,1,57.8,2,2,1
c-testsuite,00169.c,off,0,49.5,1,1,1
c-testsuite,00169.c,on,1,52.5,1,1,1
c-testsuite,00170.c,off,0,31.1,9,9,1
c-testsuite,00170.c,on,1,51.2,9,9,1
c-testsuite,00171.c,off,0,43.7,1,1,1
c-testsuite,00171.c,on,1,54.8,1,1,1
c-testsuite,00172.c,off,0,44.6,1,1,1
c-testsuite,00172.c,on,1,50.7,1,1,1
c-testsuite,00173.c,off,0,47.0,1,1,1
c-testsuite,00173.c,on,1,55.1,1,1,1
c-testsuite,00174.c,off,0,63.9,1,1,1
c-testsuite,00174.c,on,1,90.2,1,1,1
c-testsuite,00175.c,off,0,44.4,4,4,1
c-testsuite,00175.c,on,1,65.9,4,4,1
c-testsuite,00176.c,off,0,51.7,5,5,1
c-testsuite,00176.c,on,1,60.8,5,5,1
c-testsuite,00177.c,off,0,32.8,1,1,1
c-testsuite,00177.c,on,1,49.6,1,1,1
c-testsuite,00178.c,off,0,43.6,1,1,1
c-testsuite,00178.c,on,1,51.1,1,1,1
c-testsuite,00179.c,off,0,48.3,1,1,1
c-testsuite,00179.c,on,1,56.6,1,1,1
c-testsuite,00180.c,off,0,49.1,1,1,1
c-testsuite,00180.c,on,1,52.7,1,1,1
c-testsuite,00181.c,off,0,49.7,7,7,1
c-testsuite,00181.c,on,1,73.3,7,7,1
c-testsuite,00182.c,off,0,59.4,5,5,1
c-testsuite,00182.c,on,1,75.9,5,5,1
c-testsuite,00183.c,off,0,49.0,1,1,1
c-testsuite,00183.c,on,1,47.3,1,1,1
c-testsuite,00184.c,off,0,43.2,1,1,1
c-testsuite,00184.c,on,1,56.6,1,1,1
c-testsuite,00185.c,off,0,47.9,1,1,1
c-testsuite,00185.c,on,1,54.7,1,1,1
c-testsuite,00186.c,off,0,46.3,1,1,1
c-testsuite,00186.c,on,1,55.4,1,1,1
c-testsuite,00187.c,off,0,48.5,1,1,1
c-testsuite,00187.c,on,1,59.5,1,1,1
c-testsuite,00188.c,off,0,32.7,1,1,1
c-testsuite,00188.c,on,1,54.3,1,1,1
c-testsuite,00189.c,off,0,48.2,4,2,1
c-testsuite,00189.c,on,1,48.5,4,2,1
c-testsuite,00190.c,off,0,45.1,2,2,1
c-testsuite,00190.c,on,1,57.6,2,2,1
c-testsuite,00191.c,off,0,46.3,1,1,1
c-testsuite,00191.c,on,1,55.2,1,1,1
c-testsuite,00192.c,off,0,47.2,1,1,1
c-testsuite,00192.c,on,1,52.1,1,1,1
c-testsuite,00193.c,off,0,45.3,2,2,1
c-testsuite,00193.c,on,1,56.1,2,2,1
c-testsuite,00194.c,off,0,41.9,1,1,1
c-testsuite,00194.c,on,1,53.1,1,1,1
c-testsuite,00195.c,off,0,48.1,3,3,1
c-testsuite,00195.c,on,1,51.1,3,3,1
c-testsuite,00196.c,off,0,56.7,3,3,1
c-testsuite,00196.c,on,1,50.9,3,3,1
c-testsuite,00197.c,off,0,43.8,4,4,1
c-testsuite,00197.c,on,1,57.1,4,4,1
c-testsuite,00198.c,off,0,37.8,2,2,1
c-testsuite,00198.c,on,1,49.5,2,2,1
c-testsuite,00199.c,off,0,40.8,4,4,1
c-testsuite,00199.c,on,1,53.8,4,4,1
c-testsuite,00200.c,off,0,133.5,4,4,1
c-testsuite,00200.c,on,1,174.1,4,4,1
c-testsuite,00201.c,off,0,40.7,1,1,1
c-testsuite,00201.c,on,1,48.7,1,1,1
c-testsuite,00202.c,off,0,43.6,1,1,1
c-testsuite,00202.c,on,1,50.5,1,1,1
c-testsuite,00203.c,off,0,38.0,1,1,1
c-testsuite,00203.c,on,1,51.8,1,1,1
c-testsuite,00204.c,off,0,183.3,137,136,1
c-testsuite,00204.c,on,1,286.3,137,136,1
c-testsuite,00205.c,off,0,54.3,3,3,1
c-testsuite,00205.c,on,1,55.3,3,3,1
c-testsuite,00206.c,off,0,44.7,1,1,1
c-testsuite,00206.c,on,1,53.5,1,1,1
c-testsuite,00207.c,off,0,50.7,4,4,1
c-testsuite,00207.c,on,1,55.0,4,4,1
c-testsuite,00208.c,off,0,47.6,5,5,1
c-testsuite,00208.c,on,1,55.4,5,5,1
c-testsuite,00209.c,off,0,35.4,12,6,1
c-testsuite,00209.c,on,1,39.6,12,6,1
c-testsuite,00210.c,off,0,37.7,5,5,1
c-testsuite,00210.c,on,1,37.6,5,5,1
c-testsuite,00211.c,off,0,29.5,2,2,1
c-testsuite,00211.c,on,1,40.0,2,2,1
c-testsuite,00212.c,off,0,40.4,1,1,1
c-testsuite,00212.c,on,1,50.7,1,1,1
c-testsuite,00213.c,off,0,37.3,6,6,1
c-testsuite,00213.c,on,1,54.3,6,6,1
c-testsuite,00214.c,off,0,35.7,7,7,1
c-testsuite,00214.c,on,1,45.5,7,7,1
c-testsuite,00215.c,off,0,35.8,7,7,1
c-testsuite,00215.c,on,1,46.3,7,7,1
c-testsuite,00216.c,off,0,69.2,53,39,1
c-testsuite,00216.c,on,1,90.6,53,39,1
c-testsuite,00217.c,off,0,35.8,2,2,1
c-testsuite,00217.c,on,1,38.2,2,2,1
c-testsuite,00218.c,off,0,39.7,8,8,1
c-testsuite,00218.c,on,1,40.1,8,8,1
c-testsuite,00219.c,off,0,50.3,6,6,1
c-testsuite,00219.c,on,1,53.1,6,6,1
c-testsuite,00220.c,off,0,46.0,1,1,1
c-testsuite,00220.c,on,1,56.0,1,1,1
synthetic,search-backtrack.cpp,off,0,32.7,,,0
synthetic,search-backtrack.cpp,on,3,64.3,5,4,1
synthetic,search-bound.c,off,0,30.1,,,0
synthetic,search-bound.c,on,3,45.9,3,2,1
synthetic,search-cli.c,off,0,36.7,3,3,1
synthetic,search-cli.c,on,1,49.8,3,3,1
synthetic,search-determinism.c,off,0,34.0,,,0
synthetic,search-determinism.c,on,7,89.2,6,4,1
synthetic,search-false-green.c,off,0,35.1,3,1,1
synthetic,search-false-green.c,on,4,46.8,3,1,1
synthetic,search-false-red.cpp,off,0,38.6,6,4,1
synthetic,search-false-red.cpp,on,2,40.7,6,4,1
synthetic,search-green.c,off,0,37.6,3,3,1
synthetic,search-green.c,on,1,26.3,3,3,1
synthetic,search-red.c,off,0,34.0,5,2,1
synthetic,search-red.c,on,2,45.7,5,2,1
