corpus,project,rejected_items,distinct_direct_tags,distinct_root_tags,root_items
cpp-realworld,extern-plugin,0,0,0,0
cpp-realworld,fixed-stats,0,0,0,0
cpp-realworld,polygon,4,2,2,4
cpp-realworld,ringbuf-lib,0,0,0,0
cpp-realworld,shapes,19,5,2,4
cpp-realworld,tokenizer,0,0,0,0
c-realworld,argv-echo,1,1,1,1
c-realworld,base64,0,0,0,0
c-realworld,binary-tree,3,3,3,3
c-realworld,calc,0,0,0,0
c-realworld,crc32,0,0,0,0
c-realworld,expr-eval,6,2,2,6
c-realworld,grep-lite,1,1,1,1
c-realworld,linked-list,0,0,0,0
c-realworld,logger,0,0,0,0
c-realworld,malloc-stack,0,0,0,0
c-realworld,sieve,0,0,0,0
c-realworld,union-find,0,0,0,0
c-realworld,word-count,0,0,0,0
endtoend,aggregate-init.c,0,0,0,0
endtoend,array-params.c,0,0,0,0
endtoend,array-self-ref-member-chain.c,0,0,0,0
endtoend,array-self-ref-member-cross-param.c,0,0,0,0
endtoend,array-self-ref-member.c,0,0,0,0
endtoend,arrays-multidim.c,0,0,0,0
endtoend,bitfields-flags.c,0,0,0,0
endtoend,bitfields-zeroextend.c,0,0,0,0
endtoend,bitwise.c,0,0,0,0
endtoend,byte-region-walk.c,0,0,0,0
endtoend,char-constants.c,0,0,0,0
endtoend,compound-literals.c,0,0,0,0
endtoend,compound-promote.c,0,0,0,0
endtoend,cpp-basics.cpp,0,0,0,0
endtoend,cpp-method-chain.cpp,0,0,0,0
endtoend,cpp-method-chains.cpp,0,0,0,0
endtoend,cpp-methods-overload.cpp,0,0,0,0
endtoend,cpp-methods.cpp,0,0,0,0
endtoend,cpp-references.cpp,0,0,0,0
endtoend,cpp-stl-combined.cpp,0,0,0,0
endtoend,cpp-this-fields.cpp,0,0,0,0
endtoend,enum-from-int.c,0,0,0,0
endtoend,enum-int.c,0,0,0,0
endtoend,float-literals.c,0,0,0,0
endtoend,float-negation.c,0,0,0,0
endtoend,float.c,0,0,0,0
endtoend,fn-pointers.c,0,0,0,0
endtoend,fnptr-devirt.c,0,0,0,0
endtoend,fnptr-noproto-infer.c,0,0,0,0
endtoend,fnptr-void-local.c,0,0,0,0
endtoend,func-name.c,0,0,0,0
endtoend,globals-string.c,0,0,0,0
endtoend,globals-writeback-order.c,0,0,0,0
endtoend,globals.c,0,0,0,0
endtoend,goto.c,0,0,0,0
endtoend,incremental-builds.cpp,3,3,3,3
endtoend,inline.c,0,0,0,0
endtoend,lib-crate-external-caller.c,0,0,0,0
endtoend,lib-crate-externals-trait.c,0,0,0,0
endtoend,libc-subset.c,0,0,0,0
endtoend,linked-list.c,0,0,0,0
endtoend,loops.c,0,0,0,0
endtoend,lostcopy-min.c,0,0,0,0
endtoend,lostcopy-nested-branch.c,0,0,0,0
endtoend,lostcopy-rotations.c,0,0,0,0
endtoend,malloc-stack.c,0,0,0,0
endtoend,math-sin.c,0,0,0,0
endtoend,missing-return-expect-carrier.c,0,0,0,0
endtoend,multi-tu-gate-g1-fnptr-result-erasure.c,0,0,0,0
endtoend,multi-tu-gate-g3-owner-fallback.c,0,0,0,0
endtoend,multi-tu-gate-g5-region-api.c,0,0,0,0
endtoend,multi-tu-gate-g6-cellslice-fn-external.c,0,0,0,0
endtoend,multi-tu-gate-g8-ptr-global-external.c,0,0,0,0
endtoend,multi-tu-gate-g8-shared-header.c,0,0,0,0
endtoend,multi-tu.c,0,0,0,0
endtoend,nonfinite.c,0,0,0,0
endtoend,owner-index-return.c,0,0,0,0
endtoend,owners.c,0,0,0,0
endtoend,percent-s-param.c,0,0,0,0
endtoend,pointer-params.c,0,0,0,0
endtoend,pointers-global-args.c,0,0,0,0
endtoend,pointers-global.c,0,0,0,0
endtoend,pointers-into-global.c,0,0,0,0
endtoend,pointers-local.c,0,0,0,0
endtoend,pointers-member-base.c,0,0,0,0
endtoend,pointers-member.c,0,0,0,0
endtoend,pointers-multi-base.c,0,0,0,0
endtoend,pointers-null-ternary.c,0,0,0,0
endtoend,pointers-null.c,0,0,0,0
endtoend,pointers-ptr-to-ptr.c,0,0,0,0
endtoend,pointers-reinterpret.c,0,0,0,0
endtoend,pointers-return-global.c,0,0,0,0
endtoend,pointers-void.c,0,0,0,0
endtoend,printf-formats.c,0,0,0,0
endtoend,printf-user-defined-nonvariadic.c,0,0,0,0
endtoend,printf-user-defined.c,0,0,0,0
endtoend,qualifiers.c,0,0,0,0
endtoend,recover-partial.cpp,3,1,1,3
endtoend,recursion.c,0,0,0,0
endtoend,sprintf.c,0,0,0,0
endtoend,stdio-file-roundtrip.c,0,0,0,0
endtoend,stdio-include.c,0,0,0,0
endtoend,stl-string.cpp,0,0,0,0
endtoend,stl-vector.cpp,0,0,0,0
endtoend,stmt-expr.c,0,0,0,0
endtoend,string-cursor.c,0,0,0,0
endtoend,strings-exprs.c,0,0,0,0
endtoend,strings-hosted.c,0,0,0,0
endtoend,strings.c,0,0,0,0
endtoend,struct-tag-namespace.c,0,0,0,0
endtoend,structs-anon-member.c,0,0,0,0
endtoend,structs-anon.c,0,0,0,0
endtoend,structs-nested.c,0,0,0,0
endtoend,structs-shadow.c,0,0,0,0
endtoend,structs.c,0,0,0,0
endtoend,switch-dispatch.c,0,0,0,0
endtoend,switch-enum.c,0,0,0,0
endtoend,switch-general.c,0,0,0,0
endtoend,union-find.c,0,0,0,0
endtoend,unions.c,0,0,0,0
endtoend,unsigned.c,0,0,0,0
endtoend,value-exprs.c,0,0,0,0
endtoend,varargs-def.c,0,0,0,0
endtoend,varargs-monomorph.c,0,0,0,0
endtoend,void-cast.c,0,0,0,0
c-testsuite,00001.c,0,0,0,0
c-testsuite,00002.c,0,0,0,0
c-testsuite,00003.c,0,0,0,0
c-testsuite,00004.c,0,0,0,0
c-testsuite,00005.c,0,0,0,0
c-testsuite,00006.c,0,0,0,0
c-testsuite,00007.c,0,0,0,0
c-testsuite,00008.c,0,0,0,0
c-testsuite,00009.c,0,0,0,0
c-testsuite,00010.c,0,0,0,0
c-testsuite,00011.c,0,0,0,0
c-testsuite,00012.c,0,0,0,0
c-testsuite,00013.c,0,0,0,0
c-testsuite,00014.c,0,0,0,0
c-testsuite,00015.c,0,0,0,0
c-testsuite,00016.c,0,0,0,0
c-testsuite,00017.c,0,0,0,0
c-testsuite,00018.c,0,0,0,0
c-testsuite,00019.c,0,0,0,0
c-testsuite,00020.c,0,0,0,0
c-testsuite,00021.c,0,0,0,0
c-testsuite,00022.c,0,0,0,0
c-testsuite,00023.c,0,0,0,0
c-testsuite,00024.c,0,0,0,0
c-testsuite,00025.c,0,0,0,0
c-testsuite,00026.c,0,0,0,0
c-testsuite,00027.c,0,0,0,0
c-testsuite,00028.c,0,0,0,0
c-testsuite,00029.c,0,0,0,0
c-testsuite,00030.c,0,0,0,0
c-testsuite,00031.c,0,0,0,0
c-testsuite,00032.c,0,0,0,0
c-testsuite,00033.c,0,0,0,0
c-testsuite,00034.c,0,0,0,0
c-testsuite,00035.c,0,0,0,0
c-testsuite,00036.c,0,0,0,0
c-testsuite,00037.c,0,0,0,0
c-testsuite,00038.c,0,0,0,0
c-testsuite,00039.c,0,0,0,0
c-testsuite,00040.c,0,0,0,0
c-testsuite,00041.c,0,0,0,0
c-testsuite,00042.c,0,0,0,0
c-testsuite,00043.c,0,0,0,0
c-testsuite,00044.c,0,0,0,0
c-testsuite,00045.c,0,0,0,0
c-testsuite,00046.c,0,0,0,0
c-testsuite,00047.c,0,0,0,0
c-testsuite,00048.c,0,0,0,0
c-testsuite,00049.c,0,0,0,0
c-testsuite,00050.c,0,0,0,0
c-testsuite,00051.c,0,0,0,0
c-testsuite,00052.c,0,0,0,0
c-testsuite,00053.c,0,0,0,0
c-testsuite,00054.c,0,0,0,0
c-testsuite,00055.c,0,0,0,0
c-testsuite,00056.c,0,0,0,0
c-testsuite,00057.c,0,0,0,0
c-testsuite,00058.c,0,0,0,0
c-testsuite,00059.c,0,0,0,0
c-testsuite,00060.c,0,0,0,0
c-testsuite,00061.c,0,0,0,0
c-testsuite,00062.c,0,0,0,0
c-testsuite,00063.c,0,0,0,0
c-testsuite,00064.c,0,0,0,0
c-testsuite,00065.c,0,0,0,0
c-testsuite,00066.c,0,0,0,0
c-testsuite,00067.c,0,0,0,0
c-testsuite,00068.c,0,0,0,0
c-testsuite,00069.c,0,0,0,0
c-testsuite,00070.c,0,0,0,0
c-testsuite,00071.c,0,0,0,0
c-testsuite,00072.c,0,0,0,0
c-testsuite,00073.c,0,0,0,0
c-testsuite,00074.c,0,0,0,0
c-testsuite,00075.c,0,0,0,0
c-testsuite,00076.c,0,0,0,0
c-testsuite,00077.c,0,0,0,0
c-testsuite,00078.c,0,0,0,0
c-testsuite,00079.c,0,0,0,0
c-testsuite,00080.c,0,0,0,0
c-testsuite,00081.c,0,0,0,0
c-testsuite,00082.c,0,0,0,0
c-testsuite,00083.c,0,0,0,0
c-testsuite,00084.c,0,0,0,0
c-testsuite,00085.c,0,0,0,0
c-testsuite,00086.c,0,0,0,0
c-testsuite,00087.c,0,0,0,0
c-testsuite,00088.c,0,0,0,0
c-testsuite,00089.c,0,0,0,0
c-testsuite,00090.c,0,0,0,0
c-testsuite,00091.c,0,0,0,0
c-testsuite,00092.c,0,0,0,0
c-testsuite,00093.c,0,0,0,0
c-testsuite,00094.c,0,0,0,0
c-testsuite,00095.c,0,0,0,0
c-testsuite,00096.c,0,0,0,0
c-testsuite,00097.c,0,0,0,0
c-testsuite,00098.c,0,0,0,0
c-testsuite,00099.c,0,0,0,0
c-testsuite,00100.c,0,0,0,0
c-testsuite,00101.c,0,0,0,0
c-testsuite,00102.c,0,0,0,0
c-testsuite,00103.c,0,0,0,0
c-testsuite,00104.c,0,0,0,0
c-testsuite,00105.c,0,0,0,0
c-testsuite,00106.c,0,0,0,0
c-testsuite,00107.c,0,0,0,0
c-testsuite,00108.c,0,0,0,0
c-testsuite,00109.c,0,0,0,0
c-testsuite,00110.c,0,0,0,0
c-testsuite,00111.c,0,0,0,0
c-testsuite,00112.c,0,0,0,0
c-testsuite,00113.c,0,0,0,0
c-testsuite,00114.c,0,0,0,0
c-testsuite,00115.c,0,0,0,0
c-testsuite,00116.c,0,0,0,0
c-testsuite,00117.c,0,0,0,0
c-testsuite,00118.c,0,0,0,0
c-testsuite,00119.c,0,0,0,0
c-testsuite,00120.c,0,0,0,0
c-testsuite,00121.c,0,0,0,0
c-testsuite,00122.c,0,0,0,0
c-testsuite,00123.c,0,0,0,0
c-testsuite,00124.c,0,0,0,0
c-testsuite,00125.c,0,0,0,0
c-testsuite,00126.c,0,0,0,0
c-testsuite,00127.c,0,0,0,0
c-testsuite,00128.c,0,0,0,0
c-testsuite,00129.c,0,0,0,0
c-testsuite,00130.c,0,0,0,0
c-testsuite,00131.c,0,0,0,0
c-testsuite,00132.c,0,0,0,0
c-testsuite,00133.c,0,0,0,0
c-testsuite,00134.c,0,0,0,0
c-testsuite,00135.c,0,0,0,0
c-testsuite,00136.c,0,0,0,0
c-testsuite,00137.c,0,0,0,0
c-testsuite,00138.c,0,0,0,0
c-testsuite,00139.c,0,0,0,0
c-testsuite,00140.c,0,0,0,0
c-testsuite,00141.c,0,0,0,0
c-testsuite,00142.c,0,0,0,0
c-testsuite,00143.c,0,0,0,0
c-testsuite,00144.c,0,0,0,0
c-testsuite,00145.c,0,0,0,0
c-testsuite,00146.c,0,0,0,0
c-testsuite,00147.c,0,0,0,0
c-testsuite,00148.c,0,0,0,0
c-testsuite,00149.c,0,0,0,0
c-testsuite,00150.c,0,0,0,0
c-testsuite,00151.c,0,0,0,0
c-testsuite,00152.c,0,0,0,0
c-testsuite,00153.c,0,0,0,0
c-testsuite,00154.c,0,0,0,0
c-testsuite,00155.c,0,0,0,0
c-testsuite,00156.c,0,0,0,0
c-testsuite,00157.c,0,0,0,0
c-testsuite,00158.c,0,0,0,0
c-testsuite,00159.c,0,0,0,0
c-testsuite,00160.c,0,0,0,0
c-testsuite,00161.c,0,0,0,0
c-testsuite,00162.c,0,0,0,0
c-testsuite,00163.c,0,0,0,0
c-testsuite,00164.c,0,0,0,0
c-testsuite,00165.c,0,0,0,0
c-testsuite,00166.c,0,0,0,0
c-testsuite,00167.c,0,0,0,0
c-testsuite,00168.c,0,0,0,0
c-testsuite,00169.c,0,0,0,0
c-testsuite,00170.c,0,0,0,0
c-testsuite,00171.c,0,0,0,0
c-testsuite,00172.c,0,0,0,0
c-testsuite,00173.c,0,0,0,0
c-testsuite,00174.c,0,0,0,0
c-testsuite,00175.c,0,0,0,0
c-testsuite,00176.c,0,0,0,0
c-testsuite,00177.c,0,0,0,0
c-testsuite,00178.c,0,0,0,0
c-testsuite,00179.c,0,0,0,0
c-testsuite,00180.c,0,0,0,0
c-testsuite,00181.c,0,0,0,0
c-testsuite,00182.c,0,0,0,0
c-testsuite,00183.c,0,0,0,0
c-testsuite,00184.c,0,0,0,0
c-testsuite,00185.c,0,0,0,0
c-testsuite,00186.c,0,0,0,0
c-testsuite,00187.c,0,0,0,0
c-testsuite,00188.c,0,0,0,0
c-testsuite,00189.c,0,0,0,0
c-testsuite,00190.c,0,0,0,0
c-testsuite,00191.c,0,0,0,0
c-testsuite,00192.c,0,0,0,0
c-testsuite,00193.c,0,0,0,0
c-testsuite,00194.c,0,0,0,0
c-testsuite,00195.c,0,0,0,0
c-testsuite,00196.c,0,0,0,0
c-testsuite,00197.c,0,0,0,0
c-testsuite,00198.c,0,0,0,0
c-testsuite,00199.c,0,0,0,0
c-testsuite,00200.c,0,0,0,0
c-testsuite,00201.c,0,0,0,0
c-testsuite,00202.c,0,0,0,0
c-testsuite,00203.c,0,0,0,0
c-testsuite,00204.c,0,0,0,0
c-testsuite,00205.c,0,0,0,0
c-testsuite,00206.c,0,0,0,0
c-testsuite,00207.c,0,0,0,0
c-testsuite,00208.c,0,0,0,0
c-testsuite,00209.c,0,0,0,0
c-testsuite,00210.c,0,0,0,0
c-testsuite,00211.c,0,0,0,0
c-testsuite,00212.c,0,0,0,0
c-testsuite,00213.c,0,0,0,0
c-testsuite,00214.c,0,0,0,0
c-testsuite,00215.c,0,0,0,0
c-testsuite,00216.c,0,0,0,0
c-testsuite,00217.c,0,0,0,0
c-testsuite,00218.c,0,0,0,0
c-testsuite,00219.c,0,0,0,0
c-testsuite,00220.c,0,0,0,0
