corpus,project,tus,nodes,edges,graph_ms,coloring_ms,incremental_ms,cargo_ms,parse_floor_ms
cpp-realworld,extern-plugin,2,10,10,30.5,31.1,43.4,246.9,30.5
cpp-realworld,fixed-stats,4,11,14,43.1,48.8,70.3,603.8,43.1
cpp-realworld,polygon,2,8,13,267.4,273.9,475.0,634.0,267.4
cpp-realworld,ringbuf-lib,3,12,16,39.1,37.6,50.8,287.3,37.6
cpp-realworld,shapes,3,7,10,50.8,55.6,87.5,598.4,50.8
cpp-realworld,tokenizer,3,5,2,41.7,54.4,77.1,737.8,41.7
c-realworld,argv-echo,1,1,0,28.7,32.3,44.7,206.7,28.7
c-realworld,base64,1,1,0,28.9,31.0,48.4,631.1,28.9
c-realworld,binary-tree,1,4,9,30.3,33.0,48.8,611.7,30.3
c-realworld,calc,2,4,3,35.4,33.9,46.9,542.7,33.9
c-realworld,crc32,1,2,1,31.1,31.3,44.6,643.8,31.1
c-realworld,expr-eval,1,6,14,28.2,30.3,52.4,618.0,28.2
c-realworld,grep-lite,1,1,0,35.2,34.6,41.3,570.6,34.6
c-realworld,linked-list,1,2,2,36.4,39.6,45.0,668.6,36.4
c-realworld,logger,2,3,3,34.6,35.1,47.7,725.1,34.6
c-realworld,malloc-stack,1,1,0,31.3,33.1,50.8,575.7,31.3
c-realworld,sieve,1,1,0,30.8,32.2,45.0,613.7,30.8
c-realworld,union-find,1,6,14,36.9,35.0,49.6,695.7,35.0
c-realworld,word-count,1,1,0,32.6,34.3,45.0,621.0,32.6
endtoend,aggregate-init.c,1,15,18,29.5,28.6,50.6,782.8,28.6
endtoend,array-params.c,1,9,8,26.6,27.7,36.6,645.4,26.6
endtoend,array-self-ref-member-chain.c,1,6,10,27.3,26.1,40.5,657.2,26.1
endtoend,array-self-ref-member-cross-param.c,1,7,14,29.2,26.5,40.9,704.8,26.5
endtoend,array-self-ref-member.c,1,5,7,24.2,26.8,36.8,626.9,24.2
endtoend,arrays-multidim.c,1,3,2,24.4,27.3,39.8,694.0,24.4
endtoend,bitfields-flags.c,1,4,4,29.0,28.9,34.3,702.5,28.9
endtoend,bitfields-zeroextend.c,1,9,11,26.3,28.0,40.3,681.7,26.3
endtoend,bitwise.c,1,7,6,30.2,26.1,38.8,628.1,26.1
endtoend,byte-region-walk.c,1,11,21,34.5,35.0,53.9,786.5,34.5
endtoend,char-constants.c,1,5,4,26.6,25.6,39.1,748.2,25.6
endtoend,compound-literals.c,1,7,9,26.9,27.4,48.4,731.8,26.9
endtoend,compound-promote.c,1,9,14,26.9,28.7,41.6,722.9,26.9
endtoend,cpp-basics.cpp,1,9,8,27.1,26.0,37.5,666.0,26.0
endtoend,cpp-method-chain.cpp,1,4,3,33.0,27.0,46.9,648.7,27.0
endtoend,cpp-method-chains.cpp,1,3,2,30.0,31.2,39.2,675.1,30.0
endtoend,cpp-methods-overload.cpp,1,3,2,28.1,28.0,36.5,625.8,28.0
endtoend,cpp-methods.cpp,1,4,3,31.0,30.7,39.4,640.8,30.7
endtoend,cpp-references.cpp,1,12,17,32.4,31.3,46.0,698.3,31.3
endtoend,cpp-stl-combined.cpp,1,3,1,235.0,240.7,427.6,703.3,235.0
endtoend,cpp-this-fields.cpp,1,3,2,26.1,28.4,32.8,599.9,26.1
endtoend,enum-from-int.c,1,5,4,25.5,24.4,37.7,622.5,24.4
endtoend,enum-int.c,1,4,3,27.0,24.5,34.6,564.4,24.5
endtoend,float-literals.c,1,4,3,24.3,25.3,35.6,700.6,24.3
endtoend,float-negation.c,1,4,3,31.9,27.2,39.7,710.5,27.2
endtoend,float.c,1,3,2,28.2,26.8,38.1,742.5,26.8
endtoend,fn-pointers.c,1,12,15,30.0,28.0,39.2,683.6,28.0
endtoend,fnptr-devirt.c,1,4,3,37.5,34.9,50.3,672.2,34.9
endtoend,fnptr-noproto-infer.c,1,7,8,26.5,28.2,41.6,635.5,26.5
endtoend,fnptr-void-local.c,1,3,4,34.9,27.6,41.3,656.8,27.6
endtoend,func-name.c,1,7,7,30.0,28.7,40.9,704.6,28.7
endtoend,globals-string.c,1,8,10,29.5,26.2,46.5,712.6,26.2
endtoend,globals-writeback-order.c,1,16,26,30.1,29.2,33.6,841.5,29.2
endtoend,globals.c,1,12,23,25.9,29.9,40.3,802.8,25.9
endtoend,goto.c,1,8,8,31.0,25.1,39.6,637.1,25.1
endtoend,incremental-builds.cpp,1,7,5,29.6,28.5,37.4,617.8,28.5
endtoend,inline.c,1,6,8,28.4,26.2,35.9,612.3,26.2
endtoend,lib-crate-external-caller.c,1,8,6,27.6,25.7,39.1,252.9,25.7
endtoend,lib-crate-externals-trait.c,1,5,3,26.5,25.9,35.6,213.2,25.9
endtoend,libc-subset.c,1,2,1,57.5,46.2,79.9,866.4,46.2
endtoend,linked-list.c,1,2,2,33.2,32.8,57.2,640.0,32.8
endtoend,loops.c,1,2,1,28.5,27.7,38.2,634.5,27.7
endtoend,lostcopy-min.c,1,2,1,25.9,25.1,34.1,614.6,25.1
endtoend,lostcopy-nested-branch.c,1,4,4,31.0,29.4,42.2,623.4,29.4
endtoend,lostcopy-rotations.c,1,6,8,27.9,29.4,35.7,696.1,27.9
endtoend,malloc-stack.c,1,2,1,31.1,29.5,43.3,611.7,29.5
endtoend,math-sin.c,1,2,1,38.8,43.9,59.9,680.8,38.8
endtoend,missing-return-expect-carrier.c,1,6,8,27.4,28.0,24.9,644.5,27.4
endtoend,multi-tu-gate-g1-fnptr-result-erasure.c,2,8,9,29.4,29.5,40.9,636.8,29.4
endtoend,multi-tu-gate-g3-owner-fallback.c,2,6,6,32.9,32.5,39.9,669.5,32.5
endtoend,multi-tu-gate-g5-region-api.c,2,5,6,29.4,31.1,41.3,647.7,29.4
endtoend,multi-tu-gate-g6-cellslice-fn-external.c,2,6,7,32.8,28.3,38.8,651.0,28.3
endtoend,multi-tu-gate-g8-ptr-global-external.c,2,6,5,34.4,33.6,43.9,687.0,33.6
endtoend,multi-tu-gate-g8-shared-header.c,2,5,4,31.5,32.4,46.2,701.8,31.5
endtoend,multi-tu.c,2,7,7,29.1,29.3,39.7,614.9,29.1
endtoend,nonfinite.c,1,3,3,28.5,26.5,34.6,641.9,26.5
endtoend,owner-index-return.c,1,3,2,28.8,28.7,38.5,651.2,28.7
endtoend,owners.c,1,5,5,27.3,27.4,40.4,621.4,27.3
endtoend,percent-s-param.c,1,5,6,30.4,23.8,36.2,783.8,23.8
endtoend,pointer-params.c,1,6,6,27.4,29.3,31.6,616.1,27.4
endtoend,pointers-global-args.c,1,8,17,27.1,24.5,41.2,809.0,24.5
endtoend,pointers-global.c,1,16,30,31.3,32.2,41.5,861.7,31.3
endtoend,pointers-into-global.c,1,7,10,25.9,26.4,40.9,854.9,25.9
endtoend,pointers-local.c,1,2,1,29.6,29.2,35.1,621.9,29.2
endtoend,pointers-member-base.c,1,4,5,30.9,26.3,37.1,750.1,26.3
endtoend,pointers-member.c,1,12,16,25.6,24.5,45.1,729.4,24.5
endtoend,pointers-multi-base.c,1,5,6,28.5,26.8,41.8,646.0,26.8
endtoend,pointers-null-ternary.c,1,2,1,28.5,28.7,36.0,615.9,28.5
endtoend,pointers-null.c,1,2,1,28.2,27.0,35.7,629.6,27.0
endtoend,pointers-ptr-to-ptr.c,1,2,1,28.4,28.1,38.4,602.6,28.1
endtoend,pointers-reinterpret.c,1,3,3,26.6,26.0,40.1,907.5,26.0
endtoend,pointers-return-global.c,1,7,13,28.0,27.1,36.0,704.0,27.1
endtoend,pointers-void.c,1,2,1,27.9,26.0,38.9,617.8,26.0
endtoend,printf-formats.c,1,2,1,29.5,27.6,41.8,1185.6,27.6
endtoend,printf-user-defined-nonvariadic.c,1,4,3,27.6,25.5,33.3,684.9,25.5
endtoend,printf-user-defined.c,1,5,6,28.6,26.2,33.8,769.1,26.2
endtoend,qualifiers.c,1,10,10,28.1,26.6,38.1,681.4,26.6
endtoend,recover-partial.cpp,1,7,4,30.2,33.3,34.5,631.0,30.2
endtoend,recursion.c,1,5,7,25.9,26.8,34.6,625.6,25.9
endtoend,sprintf.c,1,1,0,28.8,30.4,44.4,826.5,28.8
endtoend,stdio-file-roundtrip.c,1,1,0,33.0,34.5,43.3,887.8,33.0
endtoend,stdio-include.c,1,2,1,31.2,32.6,46.7,608.2,31.2
endtoend,stl-string.cpp,1,4,2,216.0,211.8,368.7,690.0,211.8
endtoend,stl-vector.cpp,1,3,2,173.1,171.9,280.9,652.2,171.9
endtoend,stmt-expr.c,1,4,3,26.2,27.3,40.3,609.8,26.2
endtoend,string-cursor.c,1,3,2,29.9,29.5,34.7,756.5,29.5
endtoend,strings-exprs.c,1,4,3,29.3,28.8,39.9,622.9,28.8
endtoend,strings-hosted.c,1,1,0,29.4,35.5,46.6,946.3,29.4
endtoend,strings.c,1,6,5,27.3,27.9,34.7,898.4,27.3
endtoend,struct-tag-namespace.c,1,6,11,30.1,28.2,35.8,662.1,28.2
endtoend,structs-anon-member.c,1,7,9,28.8,25.8,37.2,674.3,25.8
endtoend,structs-anon.c,1,5,6,26.5,25.3,33.9,709.6,25.3
endtoend,structs-nested.c,1,6,7,30.9,27.0,35.9,613.5,27.0
endtoend,structs-shadow.c,1,5,6,27.7,28.2,37.1,615.4,27.7
endtoend,structs.c,1,5,6,25.1,25.8,39.0,629.1,25.1
endtoend,switch-dispatch.c,1,7,6,29.5,26.5,46.9,707.0,26.5
endtoend,switch-enum.c,1,5,5,26.5,27.0,37.2,656.4,26.5
endtoend,switch-general.c,1,8,8,18.3,26.7,47.6,752.3,18.3
endtoend,union-find.c,1,7,15,27.9,27.7,45.8,735.3,27.7
endtoend,unions.c,1,9,11,27.1,27.7,37.1,709.1,27.1
endtoend,unsigned.c,1,18,17,28.3,28.4,40.4,668.6,28.3
endtoend,value-exprs.c,1,9,8,26.6,27.2,41.6,711.8,26.6
endtoend,varargs-def.c,1,5,5,26.8,25.6,34.9,670.2,25.6
endtoend,varargs-monomorph.c,1,6,8,34.3,37.0,49.7,915.9,34.3
endtoend,void-cast.c,1,4,5,25.8,26.5,32.3,645.5,25.8
c-testsuite,00001.c,1,1,0,28.2,24.7,35.4,588.0,24.7
c-testsuite,00002.c,1,1,0,28.1,24.3,30.8,581.5,24.3
c-testsuite,00003.c,1,1,0,23.7,25.5,27.9,613.2,23.7
c-testsuite,00004.c,1,1,0,29.1,28.2,37.1,580.7,28.2
c-testsuite,00005.c,1,1,0,27.9,24.7,27.8,572.7,24.7
c-testsuite,00006.c,1,1,0,27.3,24.0,33.5,599.6,24.0
c-testsuite,00007.c,1,1,0,27.0,26.6,39.5,619.5,26.6
c-testsuite,00008.c,1,1,0,27.2,24.8,33.8,587.7,24.8
c-testsuite,00009.c,1,1,0,28.1,25.5,33.8,580.0,25.5
c-testsuite,00010.c,1,1,0,25.4,24.6,33.1,588.0,24.6
c-testsuite,00011.c,1,1,0,26.6,26.0,35.4,581.6,26.0
c-testsuite,00012.c,1,1,0,28.8,27.1,31.2,618.4,27.1
c-testsuite,00013.c,1,1,0,25.0,24.6,33.1,587.3,24.6
c-testsuite,00014.c,1,1,0,27.4,26.2,32.7,585.2,26.2
c-testsuite,00015.c,1,1,0,25.1,29.0,31.2,586.6,25.1
c-testsuite,00016.c,1,1,0,26.1,28.0,30.6,567.6,26.1
c-testsuite,00017.c,1,1,0,24.7,25.2,34.2,601.3,24.7
c-testsuite,00018.c,1,1,0,29.1,25.5,29.5,595.1,25.5
c-testsuite,00019.c,1,1,0,25.8,27.5,31.5,587.4,25.8
c-testsuite,00020.c,1,1,0,28.9,22.4,31.8,593.1,22.4
c-testsuite,00021.c,1,2,1,27.1,27.1,34.9,627.5,27.1
c-testsuite,00022.c,1,1,0,26.1,25.5,34.2,579.3,25.5
c-testsuite,00023.c,1,2,2,26.6,24.8,32.4,629.6,24.8
c-testsuite,00024.c,1,3,3,27.9,25.8,34.4,635.6,25.8
c-testsuite,00025.c,1,2,1,26.0,26.1,33.8,603.9,26.0
c-testsuite,00026.c,1,1,0,27.6,27.8,38.0,621.8,27.6
c-testsuite,00027.c,1,1,0,28.3,26.7,34.0,592.4,26.7
c-testsuite,00028.c,1,1,0,26.7,22.7,27.6,582.7,22.7
c-testsuite,00029.c,1,1,0,25.8,26.4,32.3,584.2,25.8
c-testsuite,00030.c,1,2,1,30.4,29.7,39.4,575.8,29.7
c-testsuite,00031.c,1,3,2,25.3,22.3,35.4,598.5,22.3
c-testsuite,00032.c,1,1,0,25.4,23.2,35.9,591.8,23.2
c-testsuite,00033.c,1,3,4,29.9,26.6,30.0,628.2,26.6
c-testsuite,00034.c,1,1,0,26.0,25.4,30.8,613.8,25.4
c-testsuite,00035.c,1,1,0,29.2,31.3,38.3,598.4,29.2
c-testsuite,00036.c,1,1,0,29.1,24.6,34.3,582.2,24.6
c-testsuite,00037.c,1,1,0,26.2,25.1,33.2,590.1,25.1
c-testsuite,00038.c,1,1,0,26.7,26.4,20.6,598.4,26.4
c-testsuite,00039.c,1,1,0,27.3,28.4,37.2,591.4,27.3
c-testsuite,00040.c,1,5,10,30.6,31.9,47.6,801.2,30.6
c-testsuite,00041.c,1,1,0,28.8,24.8,35.3,603.1,24.8
c-testsuite,00042.c,1,1,0,24.7,27.0,34.0,574.4,24.7
c-testsuite,00043.c,1,2,1,28.1,24.8,33.2,585.5,24.8
c-testsuite,00044.c,1,2,1,28.8,26.5,32.6,602.8,26.5
c-testsuite,00045.c,1,4,4,27.1,25.6,32.6,636.3,25.6
c-testsuite,00046.c,1,2,1,26.8,26.3,32.4,603.3,26.3
c-testsuite,00047.c,1,2,1,28.3,24.4,31.2,654.5,24.4
c-testsuite,00048.c,1,3,2,31.1,25.3,30.5,693.2,25.3
c-testsuite,00049.c,1,4,3,29.7,27.9,35.9,661.1,27.9
c-testsuite,00050.c,1,4,3,27.7,26.6,33.5,661.3,26.6
c-testsuite,00051.c,1,2,2,28.7,24.1,31.9,624.5,24.1
c-testsuite,00052.c,1,1,0,25.9,27.0,29.1,578.9,25.9
c-testsuite,00053.c,1,1,0,26.1,33.3,34.2,604.2,26.1
c-testsuite,00054.c,1,2,1,27.7,24.6,32.6,613.3,24.6
c-testsuite,00055.c,1,2,1,24.2,28.5,28.2,601.9,24.2
c-testsuite,00056.c,1,1,0,35.1,28.7,40.5,591.8,28.7
c-testsuite,00057.c,1,1,0,24.7,25.4,34.7,597.6,24.7
c-testsuite,00058.c,1,1,0,30.3,27.8,34.9,582.5,27.8
c-testsuite,00059.c,1,1,0,28.0,26.3,25.0,567.2,26.3
c-testsuite,00060.c,1,1,0,24.5,24.5,30.5,601.4,24.5
c-testsuite,00061.c,1,1,0,26.0,25.8,35.7,601.4,25.8
c-testsuite,00062.c,1,2,1,28.4,27.6,33.4,616.3,27.6
c-testsuite,00063.c,1,2,0,27.2,24.2,31.7,589.3,24.2
c-testsuite,00064.c,1,1,0,24.2,26.2,35.0,573.0,24.2
c-testsuite,00065.c,1,1,0,27.1,27.5,33.8,584.1,27.1
c-testsuite,00066.c,1,1,0,30.4,25.9,32.5,591.2,25.9
c-testsuite,00067.c,1,2,1,26.9,24.0,29.3,608.5,24.0
c-testsuite,00068.c,1,2,1,22.8,23.0,35.5,606.6,22.8
c-testsuite,00069.c,1,2,1,25.4,26.4,32.0,587.3,25.4
c-testsuite,00070.c,1,2,1,25.6,25.3,28.6,618.1,25.3
c-testsuite,00071.c,1,1,0,23.9,22.9,33.6,602.6,22.9
c-testsuite,00072.c,1,1,0,25.6,22.3,31.7,558.2,22.3
c-testsuite,00073.c,1,1,0,26.8,29.0,31.6,556.0,26.8
c-testsuite,00074.c,1,2,0,24.0,25.0,32.5,584.5,24.0
c-testsuite,00075.c,1,1,0,23.9,24.6,29.3,568.0,23.9
c-testsuite,00076.c,1,1,0,24.7,23.6,31.4,578.3,23.6
c-testsuite,00077.c,1,2,1,24.7,26.5,32.7,601.7,24.7
c-testsuite,00078.c,1,2,1,25.9,24.3,33.1,572.7,24.3
c-testsuite,00079.c,1,1,0,25.8,26.7,33.7,596.1,25.8
c-testsuite,00080.c,1,2,1,27.9,30.1,35.5,598.1,27.9
c-testsuite,00081.c,1,1,0,25.5,24.6,32.9,583.6,24.6
c-testsuite,00082.c,1,1,0,25.5,25.5,33.2,591.1,25.5
c-testsuite,00083.c,1,4,3,27.4,28.6,37.5,600.4,27.4
c-testsuite,00084.c,1,5,4,28.1,28.0,33.2,599.4,28.0
c-testsuite,00085.c,1,1,0,21.3,24.6,31.3,605.0,21.3
c-testsuite,00086.c,1,1,0,23.2,28.7,38.9,568.2,23.2
c-testsuite,00087.c,1,3,3,27.6,27.1,35.7,593.7,27.1
c-testsuite,00088.c,1,2,1,26.3,30.2,33.7,641.0,26.3
c-testsuite,00089.c,1,6,6,29.8,23.9,37.4,624.0,23.9
c-testsuite,00090.c,1,2,1,27.6,28.3,34.2,639.5,27.6
c-testsuite,00091.c,1,3,2,28.5,25.7,33.5,642.2,25.7
c-testsuite,00092.c,1,2,1,28.9,28.3,36.3,628.2,28.3
c-testsuite,00093.c,1,2,0,24.6,26.3,31.1,584.2,24.6
c-testsuite,00094.c,1,2,0,26.1,26.3,31.5,586.6,26.1
c-testsuite,00095.c,1,3,2,30.4,22.6,29.7,618.1,22.6
c-testsuite,00096.c,1,2,2,25.0,25.5,33.5,590.6,25.0
c-testsuite,00097.c,1,1,0,25.9,25.5,32.7,569.6,25.5
c-testsuite,00098.c,1,1,0,25.5,24.7,32.0,573.5,24.7
c-testsuite,00099.c,1,3,1,28.8,25.1,33.9,593.4,25.1
c-testsuite,00100.c,1,2,1,25.4,25.9,31.4,596.6,25.4
c-testsuite,00101.c,1,1,0,26.8,23.8,34.7,570.2,23.8
c-testsuite,00102.c,1,1,0,26.4,25.6,34.2,581.4,25.6
c-testsuite,00103.c,1,1,0,32.1,29.3,39.0,669.3,29.3
c-testsuite,00104.c,1,1,0,30.2,23.4,40.8,656.2,23.4
c-testsuite,00105.c,1,1,0,24.7,24.5,34.4,577.7,24.5
c-testsuite,00106.c,1,3,2,25.7,24.1,30.7,556.1,24.1
c-testsuite,00107.c,1,2,1,22.8,24.9,30.5,595.8,22.8
c-testsuite,00108.c,1,2,0,24.2,23.6,31.7,581.3,23.6
c-testsuite,00109.c,1,1,0,23.7,24.7,31.0,554.0,23.7
c-testsuite,00110.c,1,2,1,27.0,23.8,28.3,624.1,23.8
c-testsuite,00111.c,1,1,0,28.1,25.1,29.8,596.5,25.1
c-testsuite,00112.c,1,1,0,24.9,23.3,28.1,574.9,23.3
c-testsuite,00113.c,1,1,0,24.8,27.2,36.1,597.1,24.8
c-testsuite,00114.c,1,1,0,27.6,27.3,32.4,587.8,27.3
c-testsuite,00115.c,1,2,1,23.5,26.1,31.7,651.6,23.5
c-testsuite,00116.c,1,2,1,28.2,27.6,30.4,588.6,27.6
c-testsuite,00117.c,1,1,0,27.7,27.3,34.4,588.0,27.3
c-testsuite,00118.c,1,1,0,26.7,22.6,32.6,601.3,22.6
c-testsuite,00119.c,1,2,1,28.7,27.1,32.5,613.9,27.1
c-testsuite,00120.c,1,2,0,26.3,26.1,31.3,627.6,26.1
c-testsuite,00121.c,1,4,2,26.5,26.7,36.9,597.9,26.5
c-testsuite,00122.c,1,1,0,28.4,27.6,32.3,574.3,27.6
c-testsuite,00123.c,1,2,1,27.6,25.0,34.1,598.4,25.0
c-testsuite,00124.c,1,3,3,26.9,25.4,31.2,584.6,25.4
c-testsuite,00125.c,1,1,0,34.9,30.4,44.2,594.9,30.4
c-testsuite,00126.c,1,1,0,23.6,28.1,33.3,561.4,23.6
c-testsuite,00127.c,1,2,1,24.1,24.4,31.4,606.4,24.1
c-testsuite,00128.c,1,12,22,25.8,24.7,36.6,1099.8,24.7
c-testsuite,00129.c,1,3,2,28.7,29.0,31.9,622.6,28.7
c-testsuite,00130.c,1,1,0,28.9,26.8,31.1,592.2,26.8
c-testsuite,00131.c,1,1,0,31.4,27.8,34.5,582.0,27.8
c-testsuite,00132.c,1,1,0,29.5,30.5,44.4,619.2,29.5
c-testsuite,00133.c,1,1,0,28.2,29.5,36.9,594.9,28.2
c-testsuite,00134.c,1,1,0,27.0,26.0,31.5,605.8,26.0
c-testsuite,00135.c,1,1,0,25.5,25.3,34.0,589.3,25.3
c-testsuite,00136.c,1,9,0,29.3,27.5,34.5,606.4,27.5
c-testsuite,00137.c,1,1,0,26.4,25.7,29.1,607.7,25.7
c-testsuite,00138.c,1,1,0,26.2,27.6,35.4,605.8,26.2
c-testsuite,00139.c,1,1,0,29.0,28.0,36.8,595.1,28.0
c-testsuite,00140.c,1,3,3,28.2,25.0,33.2,605.7,25.0
c-testsuite,00141.c,1,1,0,23.0,24.8,34.4,601.5,23.0
c-testsuite,00142.c,1,2,1,27.6,27.6,33.6,611.0,27.6
c-testsuite,00143.c,1,1,0,26.8,27.5,37.9,638.8,26.8
c-testsuite,00144.c,1,1,0,27.7,28.4,35.0,570.2,27.7
c-testsuite,00145.c,1,1,0,26.6,24.3,32.3,631.6,24.3
c-testsuite,00146.c,1,3,2,25.1,25.6,29.2,647.4,25.1
c-testsuite,00147.c,1,2,1,26.1,24.5,33.7,610.3,24.5
c-testsuite,00148.c,1,3,2,26.9,28.9,35.0,659.8,26.9
c-testsuite,00149.c,1,3,2,24.0,25.3,34.1,608.4,24.0
c-testsuite,00150.c,1,5,5,29.0,25.7,36.8,662.4,25.7
c-testsuite,00151.c,1,2,1,26.3,27.4,33.7,638.5,26.3
c-testsuite,00152.c,1,1,0,25.4,28.6,31.7,565.8,25.4
c-testsuite,00153.c,1,2,1,25.1,24.1,31.7,614.8,24.1
c-testsuite,00154.c,1,2,1,31.9,32.7,43.7,620.1,31.9
c-testsuite,00155.c,1,1,0,27.1,24.5,32.9,580.5,24.5
c-testsuite,00156.c,1,1,0,34.6,29.3,43.2,596.6,29.3
c-testsuite,00157.c,1,1,0,30.0,33.9,44.8,608.9,30.0
c-testsuite,00158.c,1,1,0,38.6,37.4,50.0,713.8,37.4
c-testsuite,00159.c,1,5,4,32.4,32.8,46.5,605.9,32.4
c-testsuite,00160.c,1,1,0,30.8,31.7,43.5,626.7,30.8
c-testsuite,00161.c,1,1,0,30.0,34.6,44.1,582.2,30.0
c-testsuite,00162.c,1,7,0,26.9,23.5,32.3,602.4,23.5
c-testsuite,00163.c,1,3,4,31.6,30.4,47.8,676.3,30.4
c-testsuite,00164.c,1,1,0,33.9,34.0,47.6,610.6,33.9
c-testsuite,00165.c,1,1,0,29.3,32.6,43.5,594.6,29.3
c-testsuite,00166.c,1,1,0,34.2,30.2,46.1,602.7,30.2
c-testsuite,00167.c,1,1,0,34.1,33.8,46.6,593.0,33.8
c-testsuite,00168.c,1,2,2,30.8,30.5,40.4,621.2,30.5
c-testsuite,00169.c,1,1,0,35.3,27.7,49.5,604.2,27.7
c-testsuite,00170.c,1,9,8,35.0,31.2,31.1,637.9,31.2
c-testsuite,00171.c,1,1,0,29.0,32.8,43.7,637.5,29.0
c-testsuite,00172.c,1,1,0,33.5,33.0,44.6,594.8,33.0
c-testsuite,00173.c,1,1,0,33.6,31.5,47.0,741.3,31.5
c-testsuite,00174.c,1,1,0,44.8,45.8,63.9,648.7,44.8
c-testsuite,00175.c,1,4,3,31.8,34.1,44.4,633.2,31.8
c-testsuite,00176.c,1,5,9,31.9,32.4,51.7,821.7,31.9
c-testsuite,00177.c,1,1,0,31.3,32.7,32.8,609.2,31.3
c-testsuite,00178.c,1,1,0,31.3,31.6,43.6,598.8,31.3
c-testsuite,00179.c,1,1,0,36.9,34.7,48.3,963.0,34.7
c-testsuite,00180.c,1,1,0,33.9,33.0,49.1,710.9,33.0
c-testsuite,00181.c,1,7,14,36.9,36.9,49.7,706.7,36.9
c-testsuite,00182.c,1,5,4,37.9,32.6,59.4,816.8,32.6
c-testsuite,00183.c,1,1,0,33.5,35.8,49.0,620.3,33.5
c-testsuite,00184.c,1,1,0,32.8,33.1,43.2,592.9,32.8
c-testsuite,00185.c,1,1,0,35.3,32.6,47.9,621.1,32.6
c-testsuite,00186.c,1,1,0,28.7,30.9,46.3,746.9,28.7
c-testsuite,00187.c,1,1,0,34.9,34.8,48.5,932.4,34.8
c-testsuite,00188.c,1,1,0,30.3,31.1,32.7,557.5,30.3
c-testsuite,00189.c,1,4,3,36.1,34.3,48.2,567.6,34.3
c-testsuite,00190.c,1,2,1,32.7,32.9,45.1,608.5,32.7
c-testsuite,00191.c,1,1,0,33.1,29.8,46.3,599.8,29.8
c-testsuite,00192.c,1,1,0,34.3,30.2,47.2,602.5,30.2
c-testsuite,00193.c,1,2,1,31.4,34.4,45.3,602.1,31.4
c-testsuite,00194.c,1,1,0,34.8,29.4,41.9,599.1,29.4
c-testsuite,00195.c,1,3,3,33.2,30.4,48.1,693.9,30.4
c-testsuite,00196.c,1,3,2,35.4,30.2,56.7,618.6,30.2
c-testsuite,00197.c,1,4,7,33.2,30.9,43.8,667.7,30.9
c-testsuite,00198.c,1,2,1,30.1,32.2,37.8,610.0,30.1
c-testsuite,00199.c,1,4,3,31.2,28.2,40.8,587.3,28.2
c-testsuite,00200.c,1,4,6,55.6,53.5,133.5,1008.2,53.5
c-testsuite,00201.c,1,1,0,31.0,32.5,40.7,579.7,31.0
c-testsuite,00202.c,1,1,0,30.7,31.0,43.6,598.7,30.7
c-testsuite,00203.c,1,1,0,29.0,30.2,38.0,606.9,29.0
c-testsuite,00204.c,1,137,319,47.7,42.8,183.3,5443.0,42.8
c-testsuite,00205.c,1,3,3,29.9,26.4,54.3,696.6,26.4
c-testsuite,00206.c,1,1,0,31.7,29.5,44.7,647.6,29.5
c-testsuite,00207.c,1,4,3,35.5,34.1,50.7,600.3,34.1
c-testsuite,00208.c,1,5,5,32.5,34.4,47.6,637.4,32.5
c-testsuite,00209.c,1,13,5,28.7,27.1,35.4,627.8,27.1
c-testsuite,00210.c,1,6,2,29.5,33.2,37.7,621.1,29.5
c-testsuite,00211.c,1,3,1,27.4,25.5,29.5,614.5,25.5
c-testsuite,00212.c,1,1,0,28.7,34.4,40.4,591.5,28.7
c-testsuite,00213.c,1,7,12,27.5,27.4,37.3,674.2,27.4
c-testsuite,00214.c,1,8,12,25.8,25.1,35.7,649.2,25.1
c-testsuite,00215.c,1,8,13,27.9,26.9,35.8,597.8,26.9
c-testsuite,00216.c,1,53,95,37.5,36.0,69.2,1078.1,36.0
c-testsuite,00217.c,1,3,2,26.0,26.5,35.8,737.0,26.0
c-testsuite,00218.c,1,9,9,26.1,27.3,39.7,627.9,26.1
c-testsuite,00219.c,1,6,5,35.8,33.1,50.3,624.5,33.1
c-testsuite,00220.c,1,1,0,30.1,36.8,46.0,604.7,30.1
synthetic,search-backtrack.cpp,2,5,4,29.0,33.4,32.7,,29.0
synthetic,search-bound.c,1,3,2,27.5,29.7,30.1,,27.5
synthetic,search-cli.c,2,3,2,29.7,30.1,36.7,590.8,29.7
synthetic,search-determinism.c,2,6,5,31.2,28.8,34.0,,28.8
synthetic,search-false-green.c,1,3,2,25.5,26.5,35.1,583.4,25.5
synthetic,search-false-red.cpp,1,6,4,28.1,28.9,38.6,602.6,28.1
synthetic,search-green.c,1,3,2,23.7,24.0,37.6,595.1,23.7
synthetic,search-red.c,1,5,3,28.4,25.7,34.0,598.6,25.7
